"STATION","DATE","LATITUDE","LONGITUDE","ELEVATION","NAME","PRCP","PRCP_ATTRIBUTES","TMAX","TMAX_ATTRIBUTES","TMIN","TMIN_ATTRIBUTES"
"AGE00147707","1878-01-01","36.8","3.04","38.0","ALGIERS CAP CAXINE, AG","   13",",,E","  155",",,E","  107",",,E"
"AGE00147707","1878-01-02","36.8","3.04","38.0","ALGIERS CAP CAXINE, AG","    0",",,E","  148",",,E","  101",",,E"
"AGE00147707","1878-01-03","36.8","3.04","38.0","ALGIERS CAP CAXINE, AG","    0",",,E","  148",",,E","   99",",,E"
"AGE00147707","1878-01-04","36.8","3.04","38.0","ALGIERS CAP CAXINE, AG","    0",",,E","  140",",,E","   88",",,E"
"AGE00147707","1878-01-05","36.8","3.04","38.0","ALGIERS CAP CAXINE, AG","    0",",,E","  144",",,E","  110",",,E"
"AGE00147707","1878-01-06","36.8","3.04","38.0","ALGIERS CAP CAXINE, AG","    0",",,E","  142",",,E","  100",",,E"
"AGE00147707","1878-01-07","36.8","3.04","38.0","ALGIERS CAP CAXINE, AG","    0",",,E","  154",",,E","  110",",,E"
"AGE00147707","1878-01-08","36.8","3.04","38.0","ALGIERS CAP CAXINE, AG","    1",",,E","  156",",,E","  112",",,E"
"AGE00147707","1878-01-09","36.8","3.04","38.0","ALGIERS CAP CAXINE, AG","    0",",,E","  162",",,E","  132",",,E"
"AGE00147707","1878-01-10","36.8","3.04","38.0","ALGIERS CAP CAXINE, AG","    0",",,E","  140",",,E","   94",",,E"
"AGE00147707","1878-01-11","36.8","3.04","38.0","ALGIERS CAP CAXINE, AG","  185",",,E","  122",",,E","   94",",,E"
"AGE00147707","1878-01-12","36.8","3.04","38.0","ALGIERS CAP CAXINE, AG","  158",",,E","  100",",,E","   58",",,E"
"AGE00147707","1878-01-13","36.8","3.04","38.0","ALGIERS CAP CAXINE, AG","  462",",,E","  116",",,E","   50",",,E"
"AGE00147707","1878-01-14","36.8","3.04","38.0","ALGIERS CAP CAXINE, AG","    0",",,E","  118",",,E","   50",",,E"
"AGE00147707","1878-01-15","36.8","3.04","38.0","ALGIERS CAP CAXINE, AG","    0",",,E","  121",",,E","   72",",,E"
"AGE00147707","1878-01-16","36.8","3.04","38.0","ALGIERS CAP CAXINE, AG","    0",",,E","  124",",,E","   75",",,E"
"AGE00147707","1878-01-17","36.8","3.04","38.0","ALGIERS CAP CAXINE, AG","    0",",,E","  146",",,E","   84",",,E"
"AGE00147707","1878-01-18","36.8","3.04","38.0","ALGIERS CAP CAXINE, AG","    0",",,E","  136",",,E","   90",",,E"
"AGE00147707","1878-01-19","36.8","3.04","38.0","ALGIERS CAP CAXINE, AG","    0",",,E","  136",",,E","   98",",,E"
"AGE00147707","1878-01-20","36.8","3.04","38.0","ALGIERS CAP CAXINE, AG","   13",",,E","  138",",,E","  100",",,E"
"AGE00147707","1878-01-21","36.8","3.04","38.0","ALGIERS CAP CAXINE, AG","   11",",,E","  136",",,E","  100",",,E"
"AGE00147707","1878-01-22","36.8","3.04","38.0","ALGIERS CAP CAXINE, AG","    0",",,E","  136",",,E","   88",",,E"
"AGE00147707","1878-01-23","36.8","3.04","38.0","ALGIERS CAP CAXINE, AG","    0",",,E","  138",",,E","   92",",,E"
"AGE00147707","1878-01-24","36.8","3.04","38.0","ALGIERS CAP CAXINE, AG","    0",",,E","  148",",,E","  106",",,E"
"AGE00147707","1878-01-25","36.8","3.04","38.0","ALGIERS CAP CAXINE, AG","    0",",,E","  154",",,E","  114",",,E"
"AGE00147707","1878-01-26","36.8","3.04","38.0","ALGIERS CAP CAXINE, AG","    1",",,E","  160",",,E","   97",",,E"
"AGE00147707","1878-01-27","36.8","3.04","38.0","ALGIERS CAP CAXINE, AG","    0",",,E","  148",",,E","  117",",,E"
"AGE00147707","1878-01-28","36.8","3.04","38.0","ALGIERS CAP CAXINE, AG","    0",",,E","  140",",,E","   84",",,E"
"AGE00147707","1878-01-29","36.8","3.04","38.0","ALGIERS CAP CAXINE, AG","   14",",,E","  150",",,E","   86",",,E"
"AGE00147707","1878-01-30","36.8","3.04","38.0","ALGIERS CAP CAXINE, AG","   46",",,E","  148",",,E","   82",",,E"
"AGE00147707","1878-01-31","36.8","3.04","38.0","ALGIERS CAP CAXINE, AG","   59",",,E","  134",",,E","   94",",,E"
"AGE00147707","1878-02-01","36.8","3.04","38.0","ALGIERS CAP CAXINE, AG","  201",",,E","  126",",,E","   81",",,E"
"AGE00147707","1878-02-02","36.8","3.04","38.0","ALGIERS CAP CAXINE, AG","  218",",,E","  126",",,E","   70",",,E"
"AGE00147707","1878-02-03","36.8","3.04","38.0","ALGIERS CAP CAXINE, AG","   67",",,E","  138",",,E","   70",",,E"
"AGE00147707","1878-02-04","36.8","3.04","38.0","ALGIERS CAP CAXINE, AG","    5",",,E","  130",",,E","   70",",,E"
"AGE00147707","1878-02-05","36.8","3.04","38.0","ALGIERS CAP CAXINE, AG","    0",",,E","  130",",,E","   70",",,E"
"AGE00147707","1878-02-06","36.8","3.04","38.0","ALGIERS CAP CAXINE, AG","    0",",,E","  128",",,E","   74",",,E"
"AGE00147707","1878-02-07","36.8","3.04","38.0","ALGIERS CAP CAXINE, AG","   61",",,E","  170",",,E","   81",",,E"
"AGE00147707","1878-02-08","36.8","3.04","38.0","ALGIERS CAP CAXINE, AG","    0",",,E","  138",",,E","   86",",,E"
"AGE00147707","1878-02-09","36.8","3.04","38.0","ALGIERS CAP CAXINE, AG","    0",",,E","  140",",,E","   90",",,E"
"AGE00147707","1878-02-10","36.8","3.04","38.0","ALGIERS CAP CAXINE, AG","    0",",,E","  152",",,E","   94",",,E"
"AGE00147707","1878-02-11","36.8","3.04","38.0","ALGIERS CAP CAXINE, AG","    0",",,E","  170",",,E","   94",",,E"
"AGE00147707","1878-02-12","36.8","3.04","38.0","ALGIERS CAP CAXINE, AG","    0",",,E","  170",",,E","   95",",,E"
"AGE00147707","1878-02-13","36.8","3.04","38.0","ALGIERS CAP CAXINE, AG","    0",",,E","  150",",,E","  124",",,E"
"AGE00147707","1878-02-14","36.8","3.04","38.0","ALGIERS CAP CAXINE, AG","    0",",,E","  201",",,E","  124",",,E"
"AGE00147707","1878-02-15","36.8","3.04","38.0","ALGIERS CAP CAXINE, AG","    0",",,E","  194",",,E","  128",",,E"
"AGE00147707","1878-02-16","36.8","3.04","38.0","ALGIERS CAP CAXINE, AG","    0",",,E","  150",",,E","  121",",,E"
"AGE00147707","1878-02-17","36.8","3.04","38.0","ALGIERS CAP CAXINE, AG","    0",",,E","  154",",,E","  115",",,E"
"AGE00147707","1878-02-18","36.8","3.04","38.0","ALGIERS CAP CAXINE, AG","    0",",,E","  158",",,E","  114",",,E"
"AGE00147707","1878-02-19","36.8","3.04","38.0","ALGIERS CAP CAXINE, AG","    0",",,E","  148",",,E","  119",",,E"
"AGE00147707","1878-02-20","36.8","3.04","38.0","ALGIERS CAP CAXINE, AG","    0",",,E","  150",",,E","  110",",,E"
"AGE00147707","1878-02-21","36.8","3.04","38.0","ALGIERS CAP CAXINE, AG","    0",",,E","  146",",,E","  118",",,E"
"AGE00147707","1878-02-22","36.8","3.04","38.0","ALGIERS CAP CAXINE, AG","    0",",,E","  166",",,E","  122",",,E"
"AGE00147707","1878-02-23","36.8","3.04","38.0","ALGIERS CAP CAXINE, AG","    3",",,E","  156",",,E","  127",",,E"
"AGE00147707","1878-02-24","36.8","3.04","38.0","ALGIERS CAP CAXINE, AG","   52",",,E","  146",",,E","  114",",,E"
"AGE00147707","1878-02-25","36.8","3.04","38.0","ALGIERS CAP CAXINE, AG","    6",",,E","  148",",,E","  104",",,E"
"AGE00147707","1878-02-26","36.8","3.04","38.0","ALGIERS CAP CAXINE, AG","    0",",,E","  144",",,E","  100",",,E"
"AGE00147707","1878-02-27","36.8","3.04","38.0","ALGIERS CAP CAXINE, AG","    0",",,E","  160",",,E","  110",",,E"
"AGE00147707","1878-02-28","36.8","3.04","38.0","ALGIERS CAP CAXINE, AG","    0",",,E","  152",",,E","  122",",,E"
"AGE00147707","1878-03-01","36.8","3.04","38.0","ALGIERS CAP CAXINE, AG","    0",",,E","  194",",,E","  120",",,E"
"AGE00147707","1878-03-02","36.8","3.04","38.0","ALGIERS CAP CAXINE, AG","    0",",,E","  196",",,E","  140",",,E"
"AGE00147707","1878-03-03","36.8","3.04","38.0","ALGIERS CAP CAXINE, AG","    0",",,E","  190",",,E","  143",",,E"
"AGE00147707","1878-03-04","36.8","3.04","38.0","ALGIERS CAP CAXINE, AG","    0",",,E","  192",",,E","  138",",,E"
"AGE00147707","1878-03-05","36.8","3.04","38.0","ALGIERS CAP CAXINE, AG","    0",",,E","  160",",,E","  134",",,E"
"AGE00147707","1878-03-06","36.8","3.04","38.0","ALGIERS CAP CAXINE, AG","    0",",,E","  157",",,E","  130",",,E"
"AGE00147707","1878-03-07","36.8","3.04","38.0","ALGIERS CAP CAXINE, AG","    0",",,E","  152",",,E","  106",",,E"
"AGE00147707","1878-03-08","36.8","3.04","38.0","ALGIERS CAP CAXINE, AG","    0",",,E","  156",",,E","  115",",,E"
"AGE00147707","1878-03-09","36.8","3.04","38.0","ALGIERS CAP CAXINE, AG","    0",",,E","  180",",,E","  126",",,E"
"AGE00147707","1878-03-10","36.8","3.04","38.0","ALGIERS CAP CAXINE, AG","    0",",,E","  172",",,E","  128",",,E"
"AGE00147707","1878-03-11","36.8","3.04","38.0","ALGIERS CAP CAXINE, AG","    0",",,E","  156",",,E","  125",",,E"
"AGE00147707","1878-03-12","36.8","3.04","38.0","ALGIERS CAP CAXINE, AG","    0",",,E","  158",",,E","  111",",,E"
"AGE00147707","1878-03-13","36.8","3.04","38.0","ALGIERS CAP CAXINE, AG","    0",",,E","  155",",,E","  106",",,E"
"AGE00147707","1878-03-14","36.8","3.04","38.0","ALGIERS CAP CAXINE, AG","    0",",,E","  158",",,E","  115",",,E"
"AGE00147707","1878-03-15","36.8","3.04","38.0","ALGIERS CAP CAXINE, AG","    0",",,E","  130",",,E","   78",",,E"
"AGE00147707","1878-03-16","36.8","3.04","38.0","ALGIERS CAP CAXINE, AG","    0",",,E","  132",",,E","   95",",,E"
"AGE00147707","1878-03-17","36.8","3.04","38.0","ALGIERS CAP CAXINE, AG","   12",",,E","  126",",,E","   98",",,E"
"AGE00147707","1878-03-18","36.8","3.04","38.0","ALGIERS CAP CAXINE, AG","    0",",,E","  123",",,E","   85",",,E"
"AGE00147707","1878-03-19","36.8","3.04","38.0","ALGIERS CAP CAXINE, AG","    0",",,E","  128",",,E","   76",",,E"
"AGE00147707","1878-03-20","36.8","3.04","38.0","ALGIERS CAP CAXINE, AG","    0",",,E","  145",",,E","   83",",,E"
"AGE00147707","1878-03-21","36.8","3.04","38.0","ALGIERS CAP CAXINE, AG","    0",",,E","  160",",,E","  102",",,E"
"AGE00147707","1878-03-22","36.8","3.04","38.0","ALGIERS CAP CAXINE, AG","    0",",,E","  161",",,E","  117",",,E"
"AGE00147707","1878-03-23","36.8","3.04","38.0","ALGIERS CAP CAXINE, AG","    0",",,E","  181",",,E","  118",",,E"
"AGE00147707","1878-03-24","36.8","3.04","38.0","ALGIERS CAP CAXINE, AG","  108",",,E","  160",",,E","  118",",,E"
"AGE00147707","1878-03-25","36.8","3.04","38.0","ALGIERS CAP CAXINE, AG","  110",",,E","  156",",,E","  108",",,E"
"AGE00147707","1878-03-26","36.8","3.04","38.0","ALGIERS CAP CAXINE, AG","    8",",,E","  156",",,E","  108",",,E"
"AGE00147707","1878-03-27","36.8","3.04","38.0","ALGIERS CAP CAXINE, AG","    0",",,E","  218",",,E","   95",",,E"
"AGE00147707","1878-03-28","36.8","3.04","38.0","ALGIERS CAP CAXINE, AG","    0",",,E","  206",",,E","  134",",,E"
"AGE00147707","1878-03-29","36.8","3.04","38.0","ALGIERS CAP CAXINE, AG","   23",",,E","  192",",,E","  138",",,E"
"AGE00147707","1878-03-30","36.8","3.04","38.0","ALGIERS CAP CAXINE, AG","   34",",,E","  158",",,E","  100",",,E"
"AGE00147707","1878-03-31","36.8","3.04","38.0","ALGIERS CAP CAXINE, AG","    0",",,E","  144",",,E","   80",",,E"
"AGE00147707","1878-04-01","36.8","3.04","38.0","ALGIERS CAP CAXINE, AG","    3",",,E","  154",",,E","   97",",,E"
"AGE00147707","1878-04-02","36.8","3.04","38.0","ALGIERS CAP CAXINE, AG","    0",",,E","  158",",,E","  114",",,E"
"AGE00147707","1878-04-03","36.8","3.04","38.0","ALGIERS CAP CAXINE, AG","    0",",,E","  186",",,E","  134",",,E"
"AGE00147707","1878-04-04","36.8","3.04","38.0","ALGIERS CAP CAXINE, AG","    0",",,E","  211",",,E","  142",",,E"
"AGE00147707","1878-04-05","36.8","3.04","38.0","ALGIERS CAP CAXINE, AG","    0",",,E","  212",",,E","  140",",,E"
"AGE00147707","1878-04-06","36.8","3.04","38.0","ALGIERS CAP CAXINE, AG","    0",",,E","  182",",,E","  140",",,E"
"AGE00147707","1878-04-07","36.8","3.04","38.0","ALGIERS CAP CAXINE, AG","    0",",,E","  285",",,E","  151",",,E"
"AGE00147707","1878-04-08","36.8","3.04","38.0","ALGIERS CAP CAXINE, AG","    0",",,E","  262",",,E","  150",",,E"
"AGE00147707","1878-04-09","36.8","3.04","38.0","ALGIERS CAP CAXINE, AG","    0",",,E","  186",",,E","  141",",,E"
"AGE00147707","1878-04-10","36.8","3.04","38.0","ALGIERS CAP CAXINE, AG","    0",",,E","  174",",,E","  142",",,E"
"AGE00147707","1878-04-11","36.8","3.04","38.0","ALGIERS CAP CAXINE, AG","    0",",,E","  170",",,E","  144",",,E"
"AGE00147707","1878-04-12","36.8","3.04","38.0","ALGIERS CAP CAXINE, AG","    0",",,E","  188",",,E","  150",",,E"
"AGE00147707","1878-04-13","36.8","3.04","38.0","ALGIERS CAP CAXINE, AG","    0",",,E","  178",",,E","  138",",,E"
"AGE00147707","1878-04-14","36.8","3.04","38.0","ALGIERS CAP CAXINE, AG","    0",",,E","  160",",,E","  134",",,E"
"AGE00147707","1878-04-15","36.8","3.04","38.0","ALGIERS CAP CAXINE, AG","    0",",,E","  207",",,E","  134",",,E"
"AGE00147707","1878-04-16","36.8","3.04","38.0","ALGIERS CAP CAXINE, AG","    0",",,E","  250",",,E","  151",",,E"
"AGE00147707","1878-04-17","36.8","3.04","38.0","ALGIERS CAP CAXINE, AG","    0",",,E","  198",",,E","  148",",,E"
"AGE00147707","1878-04-18","36.8","3.04","38.0","ALGIERS CAP CAXINE, AG","    0",",,E","  210",",,E","  148",",,E"
"AGE00147707","1878-04-19","36.8","3.04","38.0","ALGIERS CAP CAXINE, AG","    0",",,E","  211",",,E","  161",",,E"
"AGE00147707","1878-04-20","36.8","3.04","38.0","ALGIERS CAP CAXINE, AG","    0",",,E","  220",",,E","  162",",,E"
"AGE00147707","1878-04-21","36.8","3.04","38.0","ALGIERS CAP CAXINE, AG","    0",",,E","  190",",,E","  109",",,E"
"AGE00147707","1878-04-22","36.8","3.04","38.0","ALGIERS CAP CAXINE, AG","    0",",,E","  180",",,E","  142",",,E"
"AGE00147707","1878-04-23","36.8","3.04","38.0","ALGIERS CAP CAXINE, AG","    0",",,E","  230",",,E","  140",",,E"
"AGE00147707","1878-04-24","36.8","3.04","38.0","ALGIERS CAP CAXINE, AG","    0",",,E","  230",",,E","  180",",,E"
"AGE00147707","1878-04-25","36.8","3.04","38.0","ALGIERS CAP CAXINE, AG","    0",",,E","  198",",,E","  162",",,E"
"AGE00147707","1878-04-26","36.8","3.04","38.0","ALGIERS CAP CAXINE, AG","    0",",,E","  182",",,E","  161",",,E"
"AGE00147707","1878-04-27","36.8","3.04","38.0","ALGIERS CAP CAXINE, AG","    0",",,E","  200",",,E","  164",",,E"
"AGE00147707","1878-04-28","36.8","3.04","38.0","ALGIERS CAP CAXINE, AG","    0",",,E","  202",",,E","  142",",,E"
"AGE00147707","1878-04-29","36.8","3.04","38.0","ALGIERS CAP CAXINE, AG","    0",",,E","  250",",,E","  164",",,E"
"AGE00147707","1878-04-30","36.8","3.04","38.0","ALGIERS CAP CAXINE, AG","    0",",,E","  310",",,E","  178",",,E"
"AGE00147707","1878-05-01","36.8","3.04","38.0","ALGIERS CAP CAXINE, AG","    0",",,E","  282",",,E","  172",",,E"
"AGE00147707","1878-05-02","36.8","3.04","38.0","ALGIERS CAP CAXINE, AG","  139",",,E","  230",",,E","  156",",,E"
"AGE00147707","1878-05-03","36.8","3.04","38.0","ALGIERS CAP CAXINE, AG","    0",",,E","  200",",,E","  150",",,E"
"AGE00147707","1878-05-04","36.8","3.04","38.0","ALGIERS CAP CAXINE, AG","    0",",,E","  206",",,E","  168",",,E"
"AGE00147707","1878-05-05","36.8","3.04","38.0","ALGIERS CAP CAXINE, AG","    0",",,E","  228",",,E","  166",",,E"
"AGE00147707","1878-05-06","36.8","3.04","38.0","ALGIERS CAP CAXINE, AG","   28",",,E","  200",",,E","  148",",,E"
"AGE00147707","1878-05-07","36.8","3.04","38.0","ALGIERS CAP CAXINE, AG","    0",",,E","  210",",,E","  158",",,E"
"AGE00147707","1878-05-08","36.8","3.04","38.0","ALGIERS CAP CAXINE, AG","    0",",,E","  220",",,E","  174",",,E"
"AGE00147707","1878-05-09","36.8","3.04","38.0","ALGIERS CAP CAXINE, AG","    0",",,E","  210",",,E","  160",",,E"
"AGE00147707","1878-05-10","36.8","3.04","38.0","ALGIERS CAP CAXINE, AG","   10",",,E","  214",",,E","  162",",,E"
"AGE00147707","1878-05-11","36.8","3.04","38.0","ALGIERS CAP CAXINE, AG","    0",",,E","  222",",,E","  167",",,E"
"AGE00147707","1878-05-12","36.8","3.04","38.0","ALGIERS CAP CAXINE, AG","    0",",,E","  208",",,E","  168",",,E"
"AGE00147707","1878-05-13","36.8","3.04","38.0","ALGIERS CAP CAXINE, AG","    0",",,E","  208",",,E","  162",",,E"
"AGE00147707","1878-05-14","36.8","3.04","38.0","ALGIERS CAP CAXINE, AG","    0",",,E","  232",",,E","  164",",,E"
"AGE00147707","1878-05-15","36.8","3.04","38.0","ALGIERS CAP CAXINE, AG","    0",",,E","  232",",,E","  162",",,E"
"AGE00147707","1878-05-16","36.8","3.04","38.0","ALGIERS CAP CAXINE, AG","    0",",,E","  234",",,E","  168",",,E"
"AGE00147707","1878-05-17","36.8","3.04","38.0","ALGIERS CAP CAXINE, AG","    0",",,E","  220",",,E","  170",",,E"
"AGE00147707","1878-05-18","36.8","3.04","38.0","ALGIERS CAP CAXINE, AG","    0",",,E","  208",",,E","  168",",,E"
"AGE00147707","1878-05-19","36.8","3.04","38.0","ALGIERS CAP CAXINE, AG","    0",",,E","  208",",,E","  148",",,E"
"AGE00147707","1878-05-20","36.8","3.04","38.0","ALGIERS CAP CAXINE, AG","    0",",,E","  264",",,E","  162",",,E"
"AGE00147707","1878-05-21","36.8","3.04","38.0","ALGIERS CAP CAXINE, AG","    0",",,E","  228",",,E","  180",",,E"
"AGE00147707","1878-05-22","36.8","3.04","38.0","ALGIERS CAP CAXINE, AG","    0",",,E","  218",",,E","  181",",,E"
"AGE00147707","1878-05-23","36.8","3.04","38.0","ALGIERS CAP CAXINE, AG","    0",",,E","  208",",,E","  176",",,E"
"AGE00147707","1878-05-24","36.8","3.04","38.0","ALGIERS CAP CAXINE, AG","    0",",,E","  270",",,E","  176",",,E"
"AGE00147707","1878-05-25","36.8","3.04","38.0","ALGIERS CAP CAXINE, AG","    0",",,E","  312",",,E","  204",",,E"
"AGE00147707","1878-05-26","36.8","3.04","38.0","ALGIERS CAP CAXINE, AG","    0",",,E","  248",",,E","  179",",,E"
"AGE00147707","1878-05-27","36.8","3.04","38.0","ALGIERS CAP CAXINE, AG","    0",",,E","  200",",,E","  174",",,E"
"AGE00147707","1878-05-28","36.8","3.04","38.0","ALGIERS CAP CAXINE, AG","    0",",,E","  216",",,E","  150",",,E"
"AGE00147707","1878-05-29","36.8","3.04","38.0","ALGIERS CAP CAXINE, AG","    0",",,E","  202",",,E","  168",",,E"
"AGE00147707","1878-05-30","36.8","3.04","38.0","ALGIERS CAP CAXINE, AG","    0",",,E","  210",",,E","  179",",,E"
"AGE00147707","1878-05-31","36.8","3.04","38.0","ALGIERS CAP CAXINE, AG","    0",",,E","  206",",,E","  174",",,E"
"AGE00147707","1878-06-01","36.8","3.04","38.0","ALGIERS CAP CAXINE, AG","    0",",,E","  235",",,E","  170",",,E"
"AGE00147707","1878-06-02","36.8","3.04","38.0","ALGIERS CAP CAXINE, AG","    0",",,E","  206",",,E","  170",",,E"
"AGE00147707","1878-06-03","36.8","3.04","38.0","ALGIERS CAP CAXINE, AG","    0",",,E","  210",",,E","  178",",,E"
"AGE00147707","1878-06-04","36.8","3.04","38.0","ALGIERS CAP CAXINE, AG","    0",",,E","  219",",,E","  170",",,E"
"AGE00147707","1878-06-05","36.8","3.04","38.0","ALGIERS CAP CAXINE, AG","    0",",,E","  232",",,E","  184",",,E"
"AGE00147707","1878-06-06","36.8","3.04","38.0","ALGIERS CAP CAXINE, AG","    0",",,E","  218",",,E","  180",",,E"
"AGE00147707","1878-06-07","36.8","3.04","38.0","ALGIERS CAP CAXINE, AG","    0",",,E","  222",",,E","  190",",,E"
"AGE00147707","1878-06-08","36.8","3.04","38.0","ALGIERS CAP CAXINE, AG","    0",",,E","  238",",,E","  183",",,E"
"AGE00147707","1878-06-09","36.8","3.04","38.0","ALGIERS CAP CAXINE, AG","    0",",,E","  242",",,E","  188",",,E"
"AGE00147707","1878-06-10","36.8","3.04","38.0","ALGIERS CAP CAXINE, AG","    0",",,E","  270",",,E","  196",",,E"
"AGE00147707","1878-06-11","36.8","3.04","38.0","ALGIERS CAP CAXINE, AG","    0",",,E","  240",",,E","  198",",,E"
"AGE00147707","1878-06-12","36.8","3.04","38.0","ALGIERS CAP CAXINE, AG","    0",",,E","  260",",,E","  191",",,E"
"AGE00147707","1878-06-13","36.8","3.04","38.0","ALGIERS CAP CAXINE, AG","    0",",,E","  240",",,E","  198",",,E"
"AGE00147707","1878-06-14","36.8","3.04","38.0","ALGIERS CAP CAXINE, AG","    0",",,E","  278",",,E","  201",",,E"
"AGE00147707","1878-06-15","36.8","3.04","38.0","ALGIERS CAP CAXINE, AG","    0",",,E","  278",",,E","  201",",,E"
"AGE00147707","1878-06-16","36.8","3.04","38.0","ALGIERS CAP CAXINE, AG","    0",",,E","  255",",,E","  196",",,E"
"AGE00147707","1878-06-17","36.8","3.04","38.0","ALGIERS CAP CAXINE, AG","    0",",,E","  228",",,E","  191",",,E"
"AGE00147707","1878-06-18","36.8","3.04","38.0","ALGIERS CAP CAXINE, AG","    0",",,E","  246",",,E","  198",",,E"
"AGE00147707","1878-06-19","36.8","3.04","38.0","ALGIERS CAP CAXINE, AG","    0",",,E","  248",",,E","  206",",,E"
"AGE00147707","1878-06-20","36.8","3.04","38.0","ALGIERS CAP CAXINE, AG","    0",",,E","  230",",,E","  203",",,E"
"AGE00147707","1878-06-21","36.8","3.04","38.0","ALGIERS CAP CAXINE, AG","    0",",,E","  220",",,E","  196",",,E"
"AGE00147707","1878-06-22","36.8","3.04","38.0","ALGIERS CAP CAXINE, AG","   16",",,E","  238",",,E","  190",",,E"
"AGE00147707","1878-06-23","36.8","3.04","38.0","ALGIERS CAP CAXINE, AG","    0",",,E","  255",",,E","  193",",,E"
"AGE00147707","1878-06-24","36.8","3.04","38.0","ALGIERS CAP CAXINE, AG","    0",",,E","  230",",,E","  195",",,E"
"AGE00147707","1878-06-25","36.8","3.04","38.0","ALGIERS CAP CAXINE, AG","    0",",,E","  252",",,E","  200",",,E"
"AGE00147707","1878-06-26","36.8","3.04","38.0","ALGIERS CAP CAXINE, AG","    0",",,E","  253",",,E","  212",",,E"
"AGE00147707","1878-06-27","36.8","3.04","38.0","ALGIERS CAP CAXINE, AG","    0",",,E","  240",",,E","  200",",,E"
"AGE00147707","1878-06-28","36.8","3.04","38.0","ALGIERS CAP CAXINE, AG","    0",",,E","  290",",,E","  194",",,E"
"AGE00147707","1878-06-29","36.8","3.04","38.0","ALGIERS CAP CAXINE, AG","    0",",,E","  278",",,E","  210",",,E"
"AGE00147707","1878-06-30","36.8","3.04","38.0","ALGIERS CAP CAXINE, AG","    0",",,E","  248",",,E","  208",",,E"
"AGE00147707","1878-07-01","36.8","3.04","38.0","ALGIERS CAP CAXINE, AG","    0",",,E","  244",",,E","  202",",,E"
"AGE00147707","1878-07-02","36.8","3.04","38.0","ALGIERS CAP CAXINE, AG","    0",",,E","  272",",,E","  214",",,E"
"AGE00147707","1878-07-03","36.8","3.04","38.0","ALGIERS CAP CAXINE, AG","    0",",,E","  270",",,E","  220",",,E"
"AGE00147707","1878-07-04","36.8","3.04","38.0","ALGIERS CAP CAXINE, AG","    0",",,E","  241",",,E","  204",",,E"
"AGE00147707","1878-07-05","36.8","3.04","38.0","ALGIERS CAP CAXINE, AG","    0",",,E","  240",",,E","  202",",,E"
"AGE00147707","1878-07-06","36.8","3.04","38.0","ALGIERS CAP CAXINE, AG","    0",",,E","  238",",,E","  200",",,E"
"AGE00147707","1878-07-07","36.8","3.04","38.0","ALGIERS CAP CAXINE, AG","    0",",,E","  240",",,E","  210",",,E"
"AGE00147707","1878-07-08","36.8","3.04","38.0","ALGIERS CAP CAXINE, AG","    0",",,E","  241",",,E","  204",",,E"
"AGE00147707","1878-07-09","36.8","3.04","38.0","ALGIERS CAP CAXINE, AG","    2",",,E","  242",",,E","  216",",,E"
"AGE00147707","1878-07-10","36.8","3.04","38.0","ALGIERS CAP CAXINE, AG","    0",",,E","  248",",,E","  220",",,E"
"AGE00147707","1878-07-11","36.8","3.04","38.0","ALGIERS CAP CAXINE, AG","    0",",,E","  252",",,E","  214",",,E"
"AGE00147707","1878-07-12","36.8","3.04","38.0","ALGIERS CAP CAXINE, AG","    0",",,E","  252",",,E","  222",",,E"
"AGE00147707","1878-07-13","36.8","3.04","38.0","ALGIERS CAP CAXINE, AG","    0",",,E","  266",",,E","  202",",,E"
"AGE00147707","1878-07-14","36.8","3.04","38.0","ALGIERS CAP CAXINE, AG","    0",",,E","  270",",,E","  216",",,E"
"AGE00147707","1878-07-15","36.8","3.04","38.0","ALGIERS CAP CAXINE, AG","    0",",,E","  261",",,E","  214",",,E"
"AGE00147707","1878-07-16","36.8","3.04","38.0","ALGIERS CAP CAXINE, AG","    0",",,E","  276",",,E","  212",",,E"
"AGE00147707","1878-07-17","36.8","3.04","38.0","ALGIERS CAP CAXINE, AG","    0",",,E","  280",",,E","  214",",,E"
"AGE00147707","1878-07-18","36.8","3.04","38.0","ALGIERS CAP CAXINE, AG","    0",",,E","  286",",,E","  214",",,E"
"AGE00147707","1878-07-19","36.8","3.04","38.0","ALGIERS CAP CAXINE, AG","    0",",,E","  262",",,E","  221",",,E"
"AGE00147707","1878-07-20","36.8","3.04","38.0","ALGIERS CAP CAXINE, AG","    0",",,E","  261",",,E","  218",",,E"
"AGE00147707","1878-07-21","36.8","3.04","38.0","ALGIERS CAP CAXINE, AG","    0",",,E","  256",",,E","  220",",,E"
"AGE00147707","1878-07-22","36.8","3.04","38.0","ALGIERS CAP CAXINE, AG","    0",",,E","  261",",,E","  214",",,E"
"AGE00147707","1878-07-23","36.8","3.04","38.0","ALGIERS CAP CAXINE, AG","    0",",,E","  360",",,E","  214",",,E"
"AGE00147707","1878-07-24","36.8","3.04","38.0","ALGIERS CAP CAXINE, AG","    0",",,E","  300",",,E","  236",",,E"
"AGE00147707","1878-07-25","36.8","3.04","38.0","ALGIERS CAP CAXINE, AG","    0",",,E","  280",",,E","  226",",,E"
"AGE00147707","1878-07-26","36.8","3.04","38.0","ALGIERS CAP CAXINE, AG","    0",",,E","  270",",,E","  226",",,E"
"AGE00147707","1878-07-27","36.8","3.04","38.0","ALGIERS CAP CAXINE, AG","    0",",,E","  280",",,E","  210",",,E"
"AGE00147707","1878-07-28","36.8","3.04","38.0","ALGIERS CAP CAXINE, AG","    0",",,E","  254",",,E","  233",",,E"
"AGE00147707","1878-07-29","36.8","3.04","38.0","ALGIERS CAP CAXINE, AG","    0",",,E","  264",",,E","  226",",,E"
"AGE00147707","1878-07-30","36.8","3.04","38.0","ALGIERS CAP CAXINE, AG","    0",",,E","  358",",,E","  220",",,E"
"AGE00147707","1878-07-31","36.8","3.04","38.0","ALGIERS CAP CAXINE, AG","    3",",,E","  288",",,E","  218",",,E"
"AGE00147707","1878-08-01","36.8","3.04","38.0","ALGIERS CAP CAXINE, AG","    0",",,E","  277",",,E","  216",",,E"
"AGE00147707","1878-08-02","36.8","3.04","38.0","ALGIERS CAP CAXINE, AG","    0",",,E","  280",",,E","  226",",,E"
"AGE00147707","1878-08-03","36.8","3.04","38.0","ALGIERS CAP CAXINE, AG","    0",",,E","  280",",,E","  228",",,E"
"AGE00147707","1878-08-04","36.8","3.04","38.0","ALGIERS CAP CAXINE, AG","    0",",,E","  271",",,E","  230",",,E"
"AGE00147707","1878-08-05","36.8","3.04","38.0","ALGIERS CAP CAXINE, AG","    0",",,E","  266",",,E","  222",",,E"
"AGE00147707","1878-08-06","36.8","3.04","38.0","ALGIERS CAP CAXINE, AG","    0",",,E","  288",",,E","  238",",,E"
"AGE00147707","1878-08-07","36.8","3.04","38.0","ALGIERS CAP CAXINE, AG","    0",",,E","  298",",,E","  238",",,E"
"AGE00147707","1878-08-08","36.8","3.04","38.0","ALGIERS CAP CAXINE, AG","    0",",,E","  272",",,E","  238",",,E"
"AGE00147707","1878-08-09","36.8","3.04","38.0","ALGIERS CAP CAXINE, AG","    0",",,E","  270",",,E","  240",",,E"
"AGE00147707","1878-08-10","36.8","3.04","38.0","ALGIERS CAP CAXINE, AG","    0",",,E","  272",",,E","  238",",,E"
"AGE00147707","1878-08-11","36.8","3.04","38.0","ALGIERS CAP CAXINE, AG","    7",",,E","  267",",,E","  229",",,E"
"AGE00147707","1878-08-12","36.8","3.04","38.0","ALGIERS CAP CAXINE, AG","    0",",,E","  268",",,E","  221",",,E"
"AGE00147707","1878-08-13","36.8","3.04","38.0","ALGIERS CAP CAXINE, AG","    0",",,E","  277",",,E","  228",",,E"
"AGE00147707","1878-08-14","36.8","3.04","38.0","ALGIERS CAP CAXINE, AG","    0",",,E","  282",",,E","  230",",,E"
"AGE00147707","1878-08-15","36.8","3.04","38.0","ALGIERS CAP CAXINE, AG","    0",",,E","  306",",,E","  234",",,E"
"AGE00147707","1878-08-16","36.8","3.04","38.0","ALGIERS CAP CAXINE, AG","    0",",,E","  320",",,E","  234",",,E"
"AGE00147707","1878-08-17","36.8","3.04","38.0","ALGIERS CAP CAXINE, AG","    0",",,E","  310",",,E","  242",",,E"
"AGE00147707","1878-08-18","36.8","3.04","38.0","ALGIERS CAP CAXINE, AG","    0",",,E","  290",",,E","  248",",,E"
"AGE00147707","1878-08-19","36.8","3.04","38.0","ALGIERS CAP CAXINE, AG","    0",",,E","  300",",,E","  246",",,E"
"AGE00147707","1878-08-20","36.8","3.04","38.0","ALGIERS CAP CAXINE, AG","    0",",,E","  290",",,E","  232",",,E"
"AGE00147707","1878-08-21","36.8","3.04","38.0","ALGIERS CAP CAXINE, AG","    0",",,E","  270",",,E","  230",",,E"
"AGE00147707","1878-08-22","36.8","3.04","38.0","ALGIERS CAP CAXINE, AG","    0",",,E","  290",",,E","  231",",,E"
"AGE00147707","1878-08-23","36.8","3.04","38.0","ALGIERS CAP CAXINE, AG","    0",",,E","  305",",,E","  252",",,E"
"AGE00147707","1878-08-24","36.8","3.04","38.0","ALGIERS CAP CAXINE, AG","    0",",,E","  310",",,E","  254",",,E"
"AGE00147707","1878-08-25","36.8","3.04","38.0","ALGIERS CAP CAXINE, AG","    0",",,E","  270",",,E","  234",",,E"
"AGE00147707","1878-08-26","36.8","3.04","38.0","ALGIERS CAP CAXINE, AG","    0",",,E","  280",",,E","  230",",,E"
"AGE00147707","1878-08-27","36.8","3.04","38.0","ALGIERS CAP CAXINE, AG","    0",",,E","  311",",,E","  241",",,E"
"AGE00147707","1878-08-28","36.8","3.04","38.0","ALGIERS CAP CAXINE, AG","    0",",,E","  372",",,E","  254",",,E"
"AGE00147707","1878-08-29","36.8","3.04","38.0","ALGIERS CAP CAXINE, AG","    0",",,E","  392",",,E","  280",",,E"
"AGE00147707","1878-08-30","36.8","3.04","38.0","ALGIERS CAP CAXINE, AG","    0",",,E","  391",",,E","  270",",,E"
"AGE00147707","1878-08-31","36.8","3.04","38.0","ALGIERS CAP CAXINE, AG","    0",",,E","  398",",,E","  274",",,E"
"AGE00147707","1878-09-01","36.8","3.04","38.0","ALGIERS CAP CAXINE, AG","    0",",,E","  280",",,E","  250",",,E"
"AGE00147707","1878-09-02","36.8","3.04","38.0","ALGIERS CAP CAXINE, AG","    0",",,E","  274",",,E","  248",",,E"
"AGE00147707","1878-09-03","36.8","3.04","38.0","ALGIERS CAP CAXINE, AG","    0",",,E","  272",",,E","  228",",,E"
"AGE00147707","1878-09-04","36.8","3.04","38.0","ALGIERS CAP CAXINE, AG","    0",",,E","  281",",,E","  214",",,E"
"AGE00147707","1878-09-05","36.8","3.04","38.0","ALGIERS CAP CAXINE, AG","    0",",,E","  254",",,E","  216",",,E"
"AGE00147707","1878-09-06","36.8","3.04","38.0","ALGIERS CAP CAXINE, AG","    0",",,E","  260",",,E","  203",",,E"
"AGE00147707","1878-09-07","36.8","3.04","38.0","ALGIERS CAP CAXINE, AG","    0",",,E","  254",",,E","  210",",,E"
"AGE00147707","1878-09-08","36.8","3.04","38.0","ALGIERS CAP CAXINE, AG","    0",",,E","  252",",,E","  200",",,E"
"AGE00147707","1878-09-09","36.8","3.04","38.0","ALGIERS CAP CAXINE, AG","    0",",,E","  260",",,E","  224",",,E"
"AGE00147707","1878-09-10","36.8","3.04","38.0","ALGIERS CAP CAXINE, AG","    0",",,E","  256",",,E","  212",",,E"
"AGE00147707","1878-09-11","36.8","3.04","38.0","ALGIERS CAP CAXINE, AG","    0",",,E","  260",",,E","  206",",,E"
"AGE00147707","1878-09-12","36.8","3.04","38.0","ALGIERS CAP CAXINE, AG","   15",",,E","  274",",,E","  211",",,E"
"AGE00147707","1878-09-13","36.8","3.04","38.0","ALGIERS CAP CAXINE, AG","    0",",,E","  262",",,E","  212",",,E"
"AGE00147707","1878-09-14","36.8","3.04","38.0","ALGIERS CAP CAXINE, AG","    0",",,E","  252",",,E","  215",",,E"
"AGE00147707","1878-09-15","36.8","3.04","38.0","ALGIERS CAP CAXINE, AG","    0",",,E","  264",",,E","  216",",,E"
"AGE00147707","1878-09-16","36.8","3.04","38.0","ALGIERS CAP CAXINE, AG","    0",",,E","  264",",,E","  218",",,E"
"AGE00147707","1878-09-17","36.8","3.04","38.0","ALGIERS CAP CAXINE, AG","    0",",,E","  260",",,E","  212",",,E"
"AGE00147707","1878-09-18","36.8","3.04","38.0","ALGIERS CAP CAXINE, AG","    0",",,E","  259",",,E","  208",",,E"
"AGE00147707","1878-09-19","36.8","3.04","38.0","ALGIERS CAP CAXINE, AG","    0",",,E","  255",",,E","  218",",,E"
"AGE00147707","1878-09-20","36.8","3.04","38.0","ALGIERS CAP CAXINE, AG","    0",",,E","  246",",,E","  216",",,E"
"AGE00147707","1878-09-21","36.8","3.04","38.0","ALGIERS CAP CAXINE, AG","    0",",,E","  242",",,E","  200",",,E"
"AGE00147707","1878-09-22","36.8","3.04","38.0","ALGIERS CAP CAXINE, AG","    0",",,E","  242",",,E","  199",",,E"
"AGE00147707","1878-09-23","36.8","3.04","38.0","ALGIERS CAP CAXINE, AG","    0",",,E","  252",",,E","  202",",,E"
"AGE00147707","1878-09-24","36.8","3.04","38.0","ALGIERS CAP CAXINE, AG","    0",",,E","  262",",,E","  220",",,E"
"AGE00147707","1878-09-25","36.8","3.04","38.0","ALGIERS CAP CAXINE, AG","    0",",,E","  231",",,E","  166",",,E"
"AGE00147707","1878-09-26","36.8","3.04","38.0","ALGIERS CAP CAXINE, AG","   35",",,E","  238",",,E","  180",",,E"
"AGE00147707","1878-09-27","36.8","3.04","38.0","ALGIERS CAP CAXINE, AG","    0",",,E","  236",",,E","  198",",,E"
"AGE00147707","1878-09-28","36.8","3.04","38.0","ALGIERS CAP CAXINE, AG","    0",",,E","  242",",,E","  201",",,E"
"AGE00147707","1878-09-29","36.8","3.04","38.0","ALGIERS CAP CAXINE, AG","    0",",,E","  236",",,E","  192",",,E"
"AGE00147707","1878-09-30","36.8","3.04","38.0","ALGIERS CAP CAXINE, AG","    0",",,E","  233",",,E","  204",",,E"
"AGE00147707","1878-10-01","36.8","3.04","38.0","ALGIERS CAP CAXINE, AG","    0",",,E","  232",",,E","  202",",,E"
"AGE00147707","1878-10-02","36.8","3.04","38.0","ALGIERS CAP CAXINE, AG","  109",",,E","  240",",,E","  202",",,E"
"AGE00147707","1878-10-03","36.8","3.04","38.0","ALGIERS CAP CAXINE, AG","    0",",,E","  232",",,E","  201",",,E"
"AGE00147707","1878-10-04","36.8","3.04","38.0","ALGIERS CAP CAXINE, AG","    0",",,E","  232",",,E","  200",",,E"
"AGE00147707","1878-10-05","36.8","3.04","38.0","ALGIERS CAP CAXINE, AG","    0",",,E","  241",",,E","  202",",,E"
"AGE00147707","1878-10-06","36.8","3.04","38.0","ALGIERS CAP CAXINE, AG","    0",",,E","  346",",,E","  202",",,E"
"AGE00147707","1878-10-07","36.8","3.04","38.0","ALGIERS CAP CAXINE, AG","    0",",,E","  300",",,E","  200",",,E"
"AGE00147707","1878-10-08","36.8","3.04","38.0","ALGIERS CAP CAXINE, AG","    0",",,E","  290",",,E","  214",",,E"
"AGE00147707","1878-10-09","36.8","3.04","38.0","ALGIERS CAP CAXINE, AG","  180",",,E","  238",",,E","  200",",,E"
"AGE00147707","1878-10-10","36.8","3.04","38.0","ALGIERS CAP CAXINE, AG","    0",",,E","  232",",,E","  186",",,E"
"AGE00147707","1878-10-11","36.8","3.04","38.0","ALGIERS CAP CAXINE, AG","    0",",,E","  230",",,E","  194",",,E"
"AGE00147707","1878-10-12","36.8","3.04","38.0","ALGIERS CAP CAXINE, AG","    0",",,E","  232",",,E","  200",",,E"
"AGE00147707","1878-10-13","36.8","3.04","38.0","ALGIERS CAP CAXINE, AG","   32",",,E","  233",",,E","  190",",,E"
"AGE00147707","1878-10-14","36.8","3.04","38.0","ALGIERS CAP CAXINE, AG","    0",",,E","  238",",,E","  174",",,E"
"AGE00147707","1878-10-15","36.8","3.04","38.0","ALGIERS CAP CAXINE, AG","    0",",,E","  240",",,E","  188",",,E"
"AGE00147707","1878-10-16","36.8","3.04","38.0","ALGIERS CAP CAXINE, AG","   89",",,E","  340",",,E","  210",",,E"
"AGE00147707","1878-10-17","36.8","3.04","38.0","ALGIERS CAP CAXINE, AG","    0",",,E","  270",",,E","  218",",,E"
"AGE00147707","1878-10-18","36.8","3.04","38.0","ALGIERS CAP CAXINE, AG","    0",",,E","  256",",,E","  154",",,E"
"AGE00147707","1878-10-19","36.8","3.04","38.0","ALGIERS CAP CAXINE, AG","    0",",,E","  224",",,E","  184",",,E"
"AGE00147707","1878-10-20","36.8","3.04","38.0","ALGIERS CAP CAXINE, AG","    0",",,E","  268",",,E","  188",",,E"
"AGE00147707","1878-10-21","36.8","3.04","38.0","ALGIERS CAP CAXINE, AG","    0",",,E","  281",",,E","  220",",,E"
"AGE00147707","1878-10-22","36.8","3.04","38.0","ALGIERS CAP CAXINE, AG","    0",",,E","  228",",,E","  209",",,E"
"AGE00147707","1878-10-23","36.8","3.04","38.0","ALGIERS CAP CAXINE, AG","    0",",,E","  222",",,E","  190",",,E"
"AGE00147707","1878-10-24","36.8","3.04","38.0","ALGIERS CAP CAXINE, AG","    0",",,E","  216",",,E","  173",",,E"
"AGE00147707","1878-10-25","36.8","3.04","38.0","ALGIERS CAP CAXINE, AG","    0",",,E","  220",",,E","  171",",,E"
"AGE00147707","1878-10-26","36.8","3.04","38.0","ALGIERS CAP CAXINE, AG","    0",",,E","  224",",,E","  174",",,E"
"AGE00147707","1878-10-27","36.8","3.04","38.0","ALGIERS CAP CAXINE, AG","    0",",,E","  222",",,E","  184",",,E"
"AGE00147707","1878-10-28","36.8","3.04","38.0","ALGIERS CAP CAXINE, AG","    0",",,E","  228",",,E","  193",",,E"
"AGE00147707","1878-10-29","36.8","3.04","38.0","ALGIERS CAP CAXINE, AG","  167",",,E","  192",",,E","  148",",,E"
"AGE00147707","1878-10-30","36.8","3.04","38.0","ALGIERS CAP CAXINE, AG","   18",",,E","  191",",,E","  150",",,E"
"AGE00147707","1878-10-31","36.8","3.04","38.0","ALGIERS CAP CAXINE, AG","    0",",,E","  208",",,E","  150",",,E"
"AGE00147707","1878-11-01","36.8","3.04","38.0","ALGIERS CAP CAXINE, AG","    0",",,E","  220",",,E","  168",",,E"
"AGE00147707","1878-11-02","36.8","3.04","38.0","ALGIERS CAP CAXINE, AG","   12",",,E","  202",",,E","  170",",,E"
"AGE00147707","1878-11-03","36.8","3.04","38.0","ALGIERS CAP CAXINE, AG","    0",",,E","  192",",,E","  154",",,E"
"AGE00147707","1878-11-04","36.8","3.04","38.0","ALGIERS CAP CAXINE, AG","    0",",,E","  194",",,E","  154",",,E"
"AGE00147707","1878-11-05","36.8","3.04","38.0","ALGIERS CAP CAXINE, AG","   17",",,E","  210",",,E","  150",",,E"
"AGE00147707","1878-11-06","36.8","3.04","38.0","ALGIERS CAP CAXINE, AG","  271",",,E","  212",",,E","  114",",,E"
"AGE00147707","1878-11-07","36.8","3.04","38.0","ALGIERS CAP CAXINE, AG","    0",",,E","  176",",,E","  114",",,E"
"AGE00147707","1878-11-08","36.8","3.04","38.0","ALGIERS CAP CAXINE, AG","    0",",,E","  170",",,E","  131",",,E"
"AGE00147707","1878-11-09","36.8","3.04","38.0","ALGIERS CAP CAXINE, AG","    0",",,E","  178",",,E","  138",",,E"
"AGE00147707","1878-11-10","36.8","3.04","38.0","ALGIERS CAP CAXINE, AG","    0",",,E","  196",",,E","  144",",,E"
"AGE00147707","1878-11-11","36.8","3.04","38.0","ALGIERS CAP CAXINE, AG","    0",",,E","  192",",,E","  170",",,E"
"AGE00147707","1878-11-12","36.8","3.04","38.0","ALGIERS CAP CAXINE, AG","   86",",,E","  182",",,E","  150",",,E"
"AGE00147707","1878-11-13","36.8","3.04","38.0","ALGIERS CAP CAXINE, AG","  102",",,E","  170",",,E",,
"AGE00147707","1878-11-14","36.8","3.04","38.0","ALGIERS CAP CAXINE, AG","   67",",,E","  150",",,E","   74",",,E"
"AGE00147707","1878-11-15","36.8","3.04","38.0","ALGIERS CAP CAXINE, AG","   10",",,E","  120",",,E","   78",",,E"
"AGE00147707","1878-11-16","36.8","3.04","38.0","ALGIERS CAP CAXINE, AG","   30",",,E","  180",",,E","   74",",,E"
"AGE00147707","1878-11-17","36.8","3.04","38.0","ALGIERS CAP CAXINE, AG","   10",",,E","  162",",,E","  122",",,E"
"AGE00147707","1878-11-18","36.8","3.04","38.0","ALGIERS CAP CAXINE, AG","   14",",,E","  164",",,E","  110",",,E"
"AGE00147707","1878-11-19","36.8","3.04","38.0","ALGIERS CAP CAXINE, AG","  136",",,E","  162",",,E","   80",",,E"
"AGE00147707","1878-11-20","36.8","3.04","38.0","ALGIERS CAP CAXINE, AG","    8",",,E","  162",",,E","   79",",,E"
"AGE00147707","1878-11-21","36.8","3.04","38.0","ALGIERS CAP CAXINE, AG","  352",",,E","  166",",,E","   70",",,E"
"AGE00147707","1878-11-22","36.8","3.04","38.0","ALGIERS CAP CAXINE, AG","    0",",,E","  152",",,E","  100",",,E"
"AGE00147707","1878-11-23","36.8","3.04","38.0","ALGIERS CAP CAXINE, AG","    0",",,E","  174",",,E","  100",",,E"
"AGE00147707","1878-11-24","36.8","3.04","38.0","ALGIERS CAP CAXINE, AG","    0",",,E","  218",",,E","   99",",,E"
"AGE00147707","1878-11-25","36.8","3.04","38.0","ALGIERS CAP CAXINE, AG","    0",",,E","  266",",,E","  140",",,E"
"AGE00147707","1878-11-26","36.8","3.04","38.0","ALGIERS CAP CAXINE, AG","   10",",,E","  264",",,E","  181",",,E"
"AGE00147707","1878-11-27","36.8","3.04","38.0","ALGIERS CAP CAXINE, AG","    0",",,E","  252",",,E","  176",",,E"
"AGE00147707","1878-11-28","36.8","3.04","38.0","ALGIERS CAP CAXINE, AG","    0",",,E","  220",",,E","  152",",,E"
"AGE00147707","1878-11-29","36.8","3.04","38.0","ALGIERS CAP CAXINE, AG","    0",",,E","  214",",,E","  118",",,E"
"AGE00147707","1878-11-30","36.8","3.04","38.0","ALGIERS CAP CAXINE, AG","   27",",,E","  190",",,E","  100",",,E"
"AGE00147707","1878-12-01","36.8","3.04","38.0","ALGIERS CAP CAXINE, AG","    5",",,E","  151",",,E","   98",",,E"
"AGE00147707","1878-12-02","36.8","3.04","38.0","ALGIERS CAP CAXINE, AG","   35",",,E","  153",",,E","  105",",,E"
"AGE00147707","1878-12-03","36.8","3.04","38.0","ALGIERS CAP CAXINE, AG","    4",",,E","  154",",,E","  106",",,E"
"AGE00147707","1878-12-04","36.8","3.04","38.0","ALGIERS CAP CAXINE, AG","    2",",,E","  150",",,E","  100",",,E"
"AGE00147707","1878-12-05","36.8","3.04","38.0","ALGIERS CAP CAXINE, AG","   50",",,E","  160",",,E","  100",",,E"
"AGE00147707","1878-12-06","36.8","3.04","38.0","ALGIERS CAP CAXINE, AG","    0",",,E","  134",",,E","   70",",,E"
"AGE00147707","1878-12-07","36.8","3.04","38.0","ALGIERS CAP CAXINE, AG","   12",",,E","  182",",,E","   73",",,E"
"AGE00147707","1878-12-08","36.8","3.04","38.0","ALGIERS CAP CAXINE, AG","    0",",,E","  148",",,E","   95",",,E"
"AGE00147707","1878-12-09","36.8","3.04","38.0","ALGIERS CAP CAXINE, AG","    0",",,E","  148",",,E","  106",",,E"
"AGE00147707","1878-12-10","36.8","3.04","38.0","ALGIERS CAP CAXINE, AG","   13",",,E","  170",",,E","  114",",,E"
"AGE00147707","1878-12-11","36.8","3.04","38.0","ALGIERS CAP CAXINE, AG","   54",",,E","  172",",,E","  112",",,E"
"AGE00147707","1878-12-12","36.8","3.04","38.0","ALGIERS CAP CAXINE, AG","    0",",,E","  172",",,E","   89",",,E"
"AGE00147707","1878-12-13","36.8","3.04","38.0","ALGIERS CAP CAXINE, AG","   13",",,E","  184",",,E","   90",",,E"
"AGE00147707","1878-12-14","36.8","3.04","38.0","ALGIERS CAP CAXINE, AG","    0",",,E","  178",",,E","  118",",,E"
"AGE00147707","1878-12-15","36.8","3.04","38.0","ALGIERS CAP CAXINE, AG","   19",",,E","  164",",,E","  122",",,E"
"AGE00147707","1878-12-16","36.8","3.04","38.0","ALGIERS CAP CAXINE, AG","    0",",,E","  152",",,E","   94",",,E"
"AGE00147707","1878-12-17","36.8","3.04","38.0","ALGIERS CAP CAXINE, AG","    0",",,E","  216",",,E","  120",",,E"
"AGE00147707","1878-12-18","36.8","3.04","38.0","ALGIERS CAP CAXINE, AG","    0",",,E","  220",",,E","  164",",,E"
"AGE00147707","1878-12-19","36.8","3.04","38.0","ALGIERS CAP CAXINE, AG","    0",",,E","  230",",,E","  165",",,E"
"AGE00147707","1878-12-20","36.8","3.04","38.0","ALGIERS CAP CAXINE, AG","    0",",,E","  248",",,E","  164",",,E"
"AGE00147707","1878-12-21","36.8","3.04","38.0","ALGIERS CAP CAXINE, AG","    0",",,E","  192",",,E","  160",",,E"
"AGE00147707","1878-12-22","36.8","3.04","38.0","ALGIERS CAP CAXINE, AG","    0",",,E","  192",",,E","  134",",,E"
"AGE00147707","1878-12-23","36.8","3.04","38.0","ALGIERS CAP CAXINE, AG","    0",",,E","  176",",,E","  125",",,E"
"AGE00147707","1878-12-24","36.8","3.04","38.0","ALGIERS CAP CAXINE, AG","    0",",,E","  210",",,E","  122",",,E"
"AGE00147707","1878-12-25","36.8","3.04","38.0","ALGIERS CAP CAXINE, AG","    0",",,E","  222",",,E","  142",",,E"
"AGE00147707","1878-12-26","36.8","3.04","38.0","ALGIERS CAP CAXINE, AG","    0",",,E","  220",",,E","  134",",,E"
"AGE00147707","1878-12-27","36.8","3.04","38.0","ALGIERS CAP CAXINE, AG","    0",",,E","  219",",,E","  131",",,E"
"AGE00147707","1878-12-28","36.8","3.04","38.0","ALGIERS CAP CAXINE, AG","    0",",,E","  181",",,E","  116",",,E"
"AGE00147707","1878-12-29","36.8","3.04","38.0","ALGIERS CAP CAXINE, AG","    0",",,E","  183",",,E","  152",",,E"
"AGE00147707","1878-12-30","36.8","3.04","38.0","ALGIERS CAP CAXINE, AG","    0",",,E","  161",",,E","  126",",,E"
"AGE00147707","1878-12-31","36.8","3.04","38.0","ALGIERS CAP CAXINE, AG","    0",",,E","  162",",,E","  124",",,E"
"AGE00147707","1879-01-01","36.8","3.04","38.0","ALGIERS CAP CAXINE, AG","    0",",,E","  160",",,E","  120",",,E"
"AGE00147707","1879-01-02","36.8","3.04","38.0","ALGIERS CAP CAXINE, AG","    0",",,E","  162",",,E","  119",",,E"
"AGE00147707","1879-01-03","36.8","3.04","38.0","ALGIERS CAP CAXINE, AG","    0",",,E","  168",",,E","  115",",,E"
"AGE00147707","1879-01-04","36.8","3.04","38.0","ALGIERS CAP CAXINE, AG","    0",",,E","  160",",,E","  122",",,E"
"AGE00147707","1879-01-05","36.8","3.04","38.0","ALGIERS CAP CAXINE, AG","    0",",,E","  168",",,E","  132",",,E"
"AGE00147707","1879-01-06","36.8","3.04","38.0","ALGIERS CAP CAXINE, AG","    0",",,E","  168",",,E","  108",",,E"
"AGE00147707","1879-01-07","36.8","3.04","38.0","ALGIERS CAP CAXINE, AG","    0",",,E","  168",",,E","  108",",,E"
"AGE00147707","1879-01-08","36.8","3.04","38.0","ALGIERS CAP CAXINE, AG","    0",",,E","  172",",,E","  107",",,E"
"AGE00147707","1879-01-09","36.8","3.04","38.0","ALGIERS CAP CAXINE, AG","   30",",,E","  190",",,E","  115",",,E"
"AGE00147707","1879-01-10","36.8","3.04","38.0","ALGIERS CAP CAXINE, AG","    0",",,E","  190",",,E","  118",",,E"
"AGE00147707","1879-01-11","36.8","3.04","38.0","ALGIERS CAP CAXINE, AG","   49",",,E","  195",",,E","  118",",,E"
"AGE00147707","1879-01-12","36.8","3.04","38.0","ALGIERS CAP CAXINE, AG","   81",",,E","  158",",,E","  130",",,E"
"AGE00147707","1879-01-13","36.8","3.04","38.0","ALGIERS CAP CAXINE, AG","   15",",,E","  160",",,E","   99",",,E"
"AGE00147707","1879-01-14","36.8","3.04","38.0","ALGIERS CAP CAXINE, AG","    0",",,E","  152",",,E","   98",",,E"
"AGE00147707","1879-01-15","36.8","3.04","38.0","ALGIERS CAP CAXINE, AG","    0",",,E","  150",",,E","   98",",,E"
"AGE00147707","1879-01-16","36.8","3.04","38.0","ALGIERS CAP CAXINE, AG","    0",",,E","  154",",,E","   98",",,E"
"AGE00147707","1879-01-17","36.8","3.04","38.0","ALGIERS CAP CAXINE, AG","    0",",,E","  160",",,E","   97",",,E"
"AGE00147707","1879-01-18","36.8","3.04","38.0","ALGIERS CAP CAXINE, AG","    0",",,E","  158",",,E","  100",",,E"
"AGE00147707","1879-01-19","36.8","3.04","38.0","ALGIERS CAP CAXINE, AG","    0",",,E","  161",",,E","  112",",,E"
"AGE00147707","1879-01-20","36.8","3.04","38.0","ALGIERS CAP CAXINE, AG","    0",",,E","  162",",,E","  115",",,E"
"AGE00147707","1879-01-21","36.8","3.04","38.0","ALGIERS CAP CAXINE, AG","    0",",,E","  166",",,E","  116",",,E"
"AGE00147707","1879-01-22","36.8","3.04","38.0","ALGIERS CAP CAXINE, AG","    0",",,E","  270",",,E","  117",",,E"
"AGE00147707","1879-01-23","36.8","3.04","38.0","ALGIERS CAP CAXINE, AG","    0",",,E","  238",",,E","  115",",,E"
"AGE00147707","1879-01-24","36.8","3.04","38.0","ALGIERS CAP CAXINE, AG","    0",",,E","  226",",,E","  146",",,E"
"AGE00147707","1879-01-25","36.8","3.04","38.0","ALGIERS CAP CAXINE, AG","   13",",,E","  154",",,E","  108",",,E"
"AGE00147707","1879-01-26","36.8","3.04","38.0","ALGIERS CAP CAXINE, AG","    8",",,E","  190",",,E","  120",",,E"
"AGE00147707","1879-01-27","36.8","3.04","38.0","ALGIERS CAP CAXINE, AG","    2",",,E","  160",",,E","  112",",,E"
"AGE00147707","1879-01-28","36.8","3.04","38.0","ALGIERS CAP CAXINE, AG","    0",",,E","  160",",,E","  100",",,E"
"AGE00147707","1879-01-29","36.8","3.04","38.0","ALGIERS CAP CAXINE, AG","    0",",,E","  152",",,E","  104",",,E"
"AGE00147707","1879-01-30","36.8","3.04","38.0","ALGIERS CAP CAXINE, AG","  121",",,E","  148",",,E","  100",",,E"
"AGE00147707","1879-01-31","36.8","3.04","38.0","ALGIERS CAP CAXINE, AG","    0",",,E","  148",",,E","   94",",,E"
"AGE00147707","1879-02-01","36.8","3.04","38.0","ALGIERS CAP CAXINE, AG","    0",",,E","  152",",,E","  108",",,E"
"AGE00147707","1879-02-02","36.8","3.04","38.0","ALGIERS CAP CAXINE, AG","    0",",,E","  162",",,E","  122",",,E"
"AGE00147707","1879-02-03","36.8","3.04","38.0","ALGIERS CAP CAXINE, AG","    0",",,E","  181",",,E","  122",",,E"
"AGE00147707","1879-02-04","36.8","3.04","38.0","ALGIERS CAP CAXINE, AG","    0",",,E","  182",",,E","  130",",,E"
"AGE00147707","1879-02-05","36.8","3.04","38.0","ALGIERS CAP CAXINE, AG","   50",",,E","  170",",,E","  100",",,E"
"AGE00147707","1879-02-06","36.8","3.04","38.0","ALGIERS CAP CAXINE, AG","    0",",,E","  172",",,E","  101",",,E"
"AGE00147707","1879-02-07","36.8","3.04","38.0","ALGIERS CAP CAXINE, AG","    0",",,E","  168",",,E","  134",",,E"
"AGE00147707","1879-02-08","36.8","3.04","38.0","ALGIERS CAP CAXINE, AG","    0",",,E","  172",",,E","  131",",,E"
"AGE00147707","1879-02-09","36.8","3.04","38.0","ALGIERS CAP CAXINE, AG","    0",",,E","  220",",,E","  132",",,E"
"AGE00147707","1879-02-10","36.8","3.04","38.0","ALGIERS CAP CAXINE, AG","    0",",,E","  258",",,E","  158",",,E"
"AGE00147707","1879-02-11","36.8","3.04","38.0","ALGIERS CAP CAXINE, AG","    0",",,E","  248",",,E","  162",",,E"
"AGE00147707","1879-02-12","36.8","3.04","38.0","ALGIERS CAP CAXINE, AG","    0",",,E","  180",",,E","  138",",,E"
"AGE00147707","1879-02-13","36.8","3.04","38.0","ALGIERS CAP CAXINE, AG","    0",",,E","  180",",,E","  140",",,E"
"AGE00147707","1879-02-14","36.8","3.04","38.0","ALGIERS CAP CAXINE, AG","    0",",,E","  170",",,E","  114",",,E"
"AGE00147707","1879-02-15","36.8","3.04","38.0","ALGIERS CAP CAXINE, AG","    2",",,E","  168",",,E","  112",",,E"
"AGE00147707","1879-02-16","36.8","3.04","38.0","ALGIERS CAP CAXINE, AG","    0",",,E","  170",",,E","  112",",,E"
"AGE00147707","1879-02-17","36.8","3.04","38.0","ALGIERS CAP CAXINE, AG","    0",",,E","  168",",,E","  140",",,E"
"AGE00147707","1879-02-18","36.8","3.04","38.0","ALGIERS CAP CAXINE, AG","    0",",,E","  170",",,E","  138",",,E"
"AGE00147707","1879-02-19","36.8","3.04","38.0","ALGIERS CAP CAXINE, AG","    0",",,E","  173",",,E","  138",",,E"
"AGE00147707","1879-02-20","36.8","3.04","38.0","ALGIERS CAP CAXINE, AG","    0",",,E","  154",",,E","  112",",,E"
"AGE00147707","1879-02-21","36.8","3.04","38.0","ALGIERS CAP CAXINE, AG","    0",",,E","  162",",,E","  122",",,E"
"AGE00147707","1879-02-22","36.8","3.04","38.0","ALGIERS CAP CAXINE, AG","    0",",,E","  182",",,E","  142",",,E"
"AGE00147707","1879-02-23","36.8","3.04","38.0","ALGIERS CAP CAXINE, AG","    0",",,E","  180",",,E","  106",",,E"
"AGE00147707","1879-02-24","36.8","3.04","38.0","ALGIERS CAP CAXINE, AG","  424",",,E","  130",",,E","   68",",,E"
"AGE00147707","1879-02-25","36.8","3.04","38.0","ALGIERS CAP CAXINE, AG","   98",",,E","  130",",,E","   48",",,E"
"AGE00147707","1879-02-26","36.8","3.04","38.0","ALGIERS CAP CAXINE, AG","  140",",,E","  130",",,E","   42",",,E"
"AGE00147707","1879-02-27","36.8","3.04","38.0","ALGIERS CAP CAXINE, AG","    0",",,E","  118",",,E","   54",",,E"
"AGE00147707","1879-02-28","36.8","3.04","38.0","ALGIERS CAP CAXINE, AG","   60",",,E","  120",",,E","   60",",,E"
"AGE00147707","1879-03-01","36.8","3.04","38.0","ALGIERS CAP CAXINE, AG","    0",",,E","  130",",,E","   60",",,E"
"AGE00147707","1879-03-02","36.8","3.04","38.0","ALGIERS CAP CAXINE, AG","    0",",,E","  170",",,E","   90",",,E"
"AGE00147707","1879-03-03","36.8","3.04","38.0","ALGIERS CAP CAXINE, AG","    0",",,E","  168",",,E","   96",",,E"
"AGE00147707","1879-03-04","36.8","3.04","38.0","ALGIERS CAP CAXINE, AG","    0",",,E","  170",",,E","   91",",,E"
"AGE00147707","1879-03-05","36.8","3.04","38.0","ALGIERS CAP CAXINE, AG","    0",",,E","  148",",,E","  100",",,E"
"AGE00147707","1879-03-06","36.8","3.04","38.0","ALGIERS CAP CAXINE, AG","    0",",,E","  150",",,E","   98",",,E"
"AGE00147707","1879-03-07","36.8","3.04","38.0","ALGIERS CAP CAXINE, AG","    0",",,E","  151",",,E","  101",",,E"
"AGE00147707","1879-03-08","36.8","3.04","38.0","ALGIERS CAP CAXINE, AG","    0",",,E","  150",",,E","  102",",,E"
"AGE00147707","1879-03-09","36.8","3.04","38.0","ALGIERS CAP CAXINE, AG","    0",",,E","  151",",,E","  100",",,E"
"AGE00147707","1879-03-10","36.8","3.04","38.0","ALGIERS CAP CAXINE, AG","    0",",,E","  150",",,E","  104",",,E"
"AGE00147707","1879-03-11","36.8","3.04","38.0","ALGIERS CAP CAXINE, AG","    0",",,E","  150",",,E","  102",",,E"
"AGE00147707","1879-03-12","36.8","3.04","38.0","ALGIERS CAP CAXINE, AG","    0",",,E","  152",",,E","  104",",,E"
"AGE00147707","1879-03-13","36.8","3.04","38.0","ALGIERS CAP CAXINE, AG","    0",",,E","  154",",,E","  104",",,E"
"AGE00147707","1879-03-14","36.8","3.04","38.0","ALGIERS CAP CAXINE, AG","    0",",,E","  152",",,E","  106",",,E"
"AGE00147707","1879-03-15","36.8","3.04","38.0","ALGIERS CAP CAXINE, AG","    0",",,E","  150",",,E","  102",",,E"
"AGE00147707","1879-03-16","36.8","3.04","38.0","ALGIERS CAP CAXINE, AG","    5",",,E","  160",",,E","  122",",,E"
"AGE00147707","1879-03-17","36.8","3.04","38.0","ALGIERS CAP CAXINE, AG","    0",",,E","  156",",,E","  128",",,E"
"AGE00147707","1879-03-18","36.8","3.04","38.0","ALGIERS CAP CAXINE, AG","    0",",,E","  260",",,E","  128",",,E"
"AGE00147707","1879-03-19","36.8","3.04","38.0","ALGIERS CAP CAXINE, AG","    0",",,E","  250",",,E","  123",",,E"
"AGE00147707","1879-03-20","36.8","3.04","38.0","ALGIERS CAP CAXINE, AG","    2",",,E","  176",",,E","  136",",,E"
"AGE00147707","1879-03-21","36.8","3.04","38.0","ALGIERS CAP CAXINE, AG","  110",",,E","  163",",,E","  110",",,E"
"AGE00147707","1879-03-22","36.8","3.04","38.0","ALGIERS CAP CAXINE, AG","   25",",,E","  160",",,E","  111",",,E"
"AGE00147707","1879-03-23","36.8","3.04","38.0","ALGIERS CAP CAXINE, AG","   38",",,E","  162",",,E","  120",",,E"
"AGE00147707","1879-03-24","36.8","3.04","38.0","ALGIERS CAP CAXINE, AG","   24",",,E","  156",",,E","  104",",,E"
"AGE00147707","1879-03-25","36.8","3.04","38.0","ALGIERS CAP CAXINE, AG","    0",",,E","  180",",,E","  122",",,E"
"AGE00147707","1879-03-26","36.8","3.04","38.0","ALGIERS CAP CAXINE, AG","   25",",,E","  171",",,E","  124",",,E"
"AGE00147707","1879-03-27","36.8","3.04","38.0","ALGIERS CAP CAXINE, AG","    0",",,E","  181",",,E","  125",",,E"
"AGE00147707","1879-03-28","36.8","3.04","38.0","ALGIERS CAP CAXINE, AG","   70",",,E","  158",",,E","   89",",,E"
"AGE00147707","1879-03-29","36.8","3.04","38.0","ALGIERS CAP CAXINE, AG","    0",",,E","  160",",,E","  126",",,E"
"AGE00147707","1879-03-30","36.8","3.04","38.0","ALGIERS CAP CAXINE, AG","    0",",,E","  186",",,E","  118",",,E"
"AGE00147707","1879-03-31","36.8","3.04","38.0","ALGIERS CAP CAXINE, AG","    0",",,E","  268",",,E","  134",",,E"
"AGE00147707","1879-04-01","36.8","3.04","38.0","ALGIERS CAP CAXINE, AG","    0",",,E","  228",",,E","  170",",,E"
"AGE00147707","1879-04-02","36.8","3.04","38.0","ALGIERS CAP CAXINE, AG","    0",",,E","  162",",,E","  108",",,E"
"AGE00147707","1879-04-03","36.8","3.04","38.0","ALGIERS CAP CAXINE, AG","   86",",,E","  162",",,E","  114",",,E"
"AGE00147707","1879-04-04","36.8","3.04","38.0","ALGIERS CAP CAXINE, AG","    0",",,E","  158",",,E","  108",",,E"
"AGE00147707","1879-04-05","36.8","3.04","38.0","ALGIERS CAP CAXINE, AG","    2",",,E","  168",",,E","  108",",,E"
"AGE00147707","1879-04-06","36.8","3.04","38.0","ALGIERS CAP CAXINE, AG","    0",",,E","  184",",,E","  118",",,E"
"AGE00147707","1879-04-07","36.8","3.04","38.0","ALGIERS CAP CAXINE, AG","    0",",,E","  220",",,E","  120",",,E"
"AGE00147707","1879-04-08","36.8","3.04","38.0","ALGIERS CAP CAXINE, AG","    7",",,E","  190",",,E","  132",",,E"
"AGE00147707","1879-04-09","36.8","3.04","38.0","ALGIERS CAP CAXINE, AG","    0",",,E","  168",",,E","  100",",,E"
"AGE00147707","1879-04-10","36.8","3.04","38.0","ALGIERS CAP CAXINE, AG","    0",",,E","  192",",,E","  138",",,E"
"AGE00147707","1879-04-11","36.8","3.04","38.0","ALGIERS CAP CAXINE, AG","   10",",,E","  170",",,E","  126",",,E"
"AGE00147707","1879-04-12","36.8","3.04","38.0","ALGIERS CAP CAXINE, AG","  106",",,E","  160",",,E","   98",",,E"
"AGE00147707","1879-04-13","36.8","3.04","38.0","ALGIERS CAP CAXINE, AG","    0",",,E","  162",",,E","  108",",,E"
"AGE00147707","1879-04-14","36.8","3.04","38.0","ALGIERS CAP CAXINE, AG","    0",",,E","  192",",,E","  134",",,E"
"AGE00147707","1879-04-15","36.8","3.04","38.0","ALGIERS CAP CAXINE, AG","    2",",,E","  172",",,E","  122",",,E"
"AGE00147707","1879-04-16","36.8","3.04","38.0","ALGIERS CAP CAXINE, AG","   20",",,E","  162",",,E","  110",",,E"
"AGE00147707","1879-04-17","36.8","3.04","38.0","ALGIERS CAP CAXINE, AG","   30",",,E","  160",",,E","  102",",,E"
"AGE00147707","1879-04-18","36.8","3.04","38.0","ALGIERS CAP CAXINE, AG","    0",",,E","  161",",,E","  103",",,E"
"AGE00147707","1879-04-19","36.8","3.04","38.0","ALGIERS CAP CAXINE, AG","    0",",,E","  182",",,E","  122",",,E"
"AGE00147707","1879-04-20","36.8","3.04","38.0","ALGIERS CAP CAXINE, AG","    0",",,E","  210",",,E","  146",",,E"
"AGE00147707","1879-04-21","36.8","3.04","38.0","ALGIERS CAP CAXINE, AG","   50",",,E","  216",",,E","  144",",,E"
"AGE00147707","1879-04-22","36.8","3.04","38.0","ALGIERS CAP CAXINE, AG","    0",",,E","  177",",,E","  124",",,E"
"AGE00147707","1879-04-23","36.8","3.04","38.0","ALGIERS CAP CAXINE, AG","    7",",,E","  178",",,E","  148",",,E"
"AGE00147707","1879-04-24","36.8","3.04","38.0","ALGIERS CAP CAXINE, AG","    0",",,E","  178",",,E","  150",",,E"
"AGE00147707","1879-04-25","36.8","3.04","38.0","ALGIERS CAP CAXINE, AG","    0",",,E","  166",",,E","  138",",,E"
"AGE00147707","1879-04-26","36.8","3.04","38.0","ALGIERS CAP CAXINE, AG","    0",",,E","  201",",,E","  112",",,E"
"AGE00147707","1879-04-27","36.8","3.04","38.0","ALGIERS CAP CAXINE, AG","    0",",,E","  230",",,E","  159",",,E"
"AGE00147707","1879-04-28","36.8","3.04","38.0","ALGIERS CAP CAXINE, AG","    0",",,E","  194",",,E","  150",",,E"
"AGE00147707","1879-04-29","36.8","3.04","38.0","ALGIERS CAP CAXINE, AG","    0",",,E","  171",",,E","  132",",,E"
"AGE00147707","1879-04-30","36.8","3.04","38.0","ALGIERS CAP CAXINE, AG","    0",",,E","  172",",,E","  129",",,E"
"AGE00147707","1879-05-01","36.8","3.04","38.0","ALGIERS CAP CAXINE, AG","    0",",,E","  176",",,E","  114",",,E"
"AGE00147707","1879-05-02","36.8","3.04","38.0","ALGIERS CAP CAXINE, AG","    0",",,E","  200",",,E","  135",",,E"
"AGE00147707","1879-05-03","36.8","3.04","38.0","ALGIERS CAP CAXINE, AG","    0",",,E","  176",",,E","  131",",,E"
"AGE00147707","1879-05-04","36.8","3.04","38.0","ALGIERS CAP CAXINE, AG","    0",",,E","  166",",,E","  102",",,E"
"AGE00147707","1879-05-05","36.8","3.04","38.0","ALGIERS CAP CAXINE, AG","    0",",,E","  162",",,E","  122",",,E"
"AGE00147707","1879-05-06","36.8","3.04","38.0","ALGIERS CAP CAXINE, AG","    0",",,E","  166",",,E","  128",",,E"
"AGE00147707","1879-05-07","36.8","3.04","38.0","ALGIERS CAP CAXINE, AG","    0",",,E","  250",",,E","  124",",,E"
"AGE00147707","1879-05-08","36.8","3.04","38.0","ALGIERS CAP CAXINE, AG","  101",",,E","  192",",,E","  132",",,E"
"AGE00147707","1879-05-09","36.8","3.04","38.0","ALGIERS CAP CAXINE, AG","   24",",,E","  178",",,E","  126",",,E"
"AGE00147707","1879-05-10","36.8","3.04","38.0","ALGIERS CAP CAXINE, AG","    0",",,E","  172",",,E","  110",",,E"
"AGE00147707","1879-05-11","36.8","3.04","38.0","ALGIERS CAP CAXINE, AG","    0",",,E","  172",",,E","  114",",,E"
"AGE00147707","1879-05-12","36.8","3.04","38.0","ALGIERS CAP CAXINE, AG","    0",",,E","  172",",,E","  118",",,E"
"AGE00147707","1879-05-13","36.8","3.04","38.0","ALGIERS CAP CAXINE, AG","    0",",,E","  180",",,E","  118",",,E"
"AGE00147707","1879-05-14","36.8","3.04","38.0","ALGIERS CAP CAXINE, AG","    0",",,E","  180",",,E","  118",",,E"
"AGE00147707","1879-05-15","36.8","3.04","38.0","ALGIERS CAP CAXINE, AG","    0",",,E","  178",",,E","  116",",,E"
"AGE00147707","1879-05-16","36.8","3.04","38.0","ALGIERS CAP CAXINE, AG","    4",",,E","  172",",,E","  136",",,E"
"AGE00147707","1879-05-17","36.8","3.04","38.0","ALGIERS CAP CAXINE, AG","    6",",,E","  170",",,E","  142",",,E"
"AGE00147707","1879-05-18","36.8","3.04","38.0","ALGIERS CAP CAXINE, AG","    0",",,E","  214",",,E","  128",",,E"
"AGE00147707","1879-05-19","36.8","3.04","38.0","ALGIERS CAP CAXINE, AG","    0",",,E","  210",",,E","  161",",,E"
"AGE00147707","1879-05-20","36.8","3.04","38.0","ALGIERS CAP CAXINE, AG","    0",",,E","  184",",,E","  140",",,E"
"AGE00147707","1879-05-21","36.8","3.04","38.0","ALGIERS CAP CAXINE, AG","    0",",,E","  180",",,E","  146",",,E"
"AGE00147707","1879-05-22","36.8","3.04","38.0","ALGIERS CAP CAXINE, AG","    0",",,E","  182",",,E","  154",",,E"
"AGE00147707","1879-05-23","36.8","3.04","38.0","ALGIERS CAP CAXINE, AG","    0",",,E","  260",",,E","  160",",,E"
"AGE00147707","1879-05-24","36.8","3.04","38.0","ALGIERS CAP CAXINE, AG","    6",",,E","  182",",,E","  156",",,E"
"AGE00147707","1879-05-25","36.8","3.04","38.0","ALGIERS CAP CAXINE, AG","   11",",,E","  178",",,E","  139",",,E"
"AGE00147707","1879-05-26","36.8","3.04","38.0","ALGIERS CAP CAXINE, AG","    0",",,E","  190",",,E","  124",",,E"
"AGE00147707","1879-05-27","36.8","3.04","38.0","ALGIERS CAP CAXINE, AG","    0",",,E","  200",",,E","  158",",,E"
"AGE00147707","1879-05-28","36.8","3.04","38.0","ALGIERS CAP CAXINE, AG","    0",",,E","  228",",,E","  166",",,E"
"AGE00147707","1879-05-29","36.8","3.04","38.0","ALGIERS CAP CAXINE, AG","    0",",,E","  224",",,E","  164",",,E"
"AGE00147707","1879-05-30","36.8","3.04","38.0","ALGIERS CAP CAXINE, AG","    0",",,E","  200",",,E","  158",",,E"
"AGE00147707","1879-05-31","36.8","3.04","38.0","ALGIERS CAP CAXINE, AG","    0",",,E","  204",",,E","  168",",,E"
"AGE00147707","1879-06-01","36.8","3.04","38.0","ALGIERS CAP CAXINE, AG","    0",",,E","  218",",,E","  151",",,E"
"AGE00147707","1879-06-02","36.8","3.04","38.0","ALGIERS CAP CAXINE, AG","    0",",,E","  216",",,E","  164",",,E"
"AGE00147707","1879-06-03","36.8","3.04","38.0","ALGIERS CAP CAXINE, AG","    0",",,E","  224",",,E","  168",",,E"
"AGE00147707","1879-06-04","36.8","3.04","38.0","ALGIERS CAP CAXINE, AG","    0",",,E","  347",",,E","  176",",,E"
"AGE00147707","1879-06-05","36.8","3.04","38.0","ALGIERS CAP CAXINE, AG","    0",",,E","  300",",,E","  174",",,E"
"AGE00147707","1879-06-06","36.8","3.04","38.0","ALGIERS CAP CAXINE, AG","    0",",,E","  234",",,E","  187",",,E"
"AGE00147707","1879-06-07","36.8","3.04","38.0","ALGIERS CAP CAXINE, AG","    0",",,E","  250",",,E","  164",",,E"
"AGE00147707","1879-06-08","36.8","3.04","38.0","ALGIERS CAP CAXINE, AG","    0",",,E","  238",",,E","  190",",,E"
"AGE00147707","1879-06-09","36.8","3.04","38.0","ALGIERS CAP CAXINE, AG","    0",",,E","  232",",,E","  170",",,E"
"AGE00147707","1879-06-10","36.8","3.04","38.0","ALGIERS CAP CAXINE, AG","    0",",,E","  216",",,E","  170",",,E"
"AGE00147707","1879-06-11","36.8","3.04","38.0","ALGIERS CAP CAXINE, AG","    0",",,E","  214",",,E","  171",",,E"
"AGE00147707","1879-06-12","36.8","3.04","38.0","ALGIERS CAP CAXINE, AG","    0",",,E","  212",",,E","  170",",,E"
"AGE00147707","1879-06-13","36.8","3.04","38.0","ALGIERS CAP CAXINE, AG","    0",",,E","  228",",,E","  170",",,E"
"AGE00147707","1879-06-14","36.8","3.04","38.0","ALGIERS CAP CAXINE, AG","    0",",,E","  228",",,E","  175",",,E"
"AGE00147707","1879-06-15","36.8","3.04","38.0","ALGIERS CAP CAXINE, AG","    0",",,E","  272",",,E","  186",",,E"
"AGE00147707","1879-06-16","36.8","3.04","38.0","ALGIERS CAP CAXINE, AG","    0",",,E","  270",",,E","  188",",,E"
"AGE00147707","1879-06-17","36.8","3.04","38.0","ALGIERS CAP CAXINE, AG","    0",",,E","  252",",,E","  194",",,E"
"AGE00147707","1879-06-18","36.8","3.04","38.0","ALGIERS CAP CAXINE, AG","    0",",,E","  220",",,E","  160",",,E"
"AGE00147707","1879-06-19","36.8","3.04","38.0","ALGIERS CAP CAXINE, AG","    0",",,E","  228",",,E","  178",",,E"
"AGE00147707","1879-06-20","36.8","3.04","38.0","ALGIERS CAP CAXINE, AG","    0",",,E","  237",",,E","  188",",,E"
"AGE00147707","1879-06-21","36.8","3.04","38.0","ALGIERS CAP CAXINE, AG","    3",",,E","  258",",,E","  176",",,E"
"AGE00147707","1879-06-22","36.8","3.04","38.0","ALGIERS CAP CAXINE, AG","    0",",,E","  252",",,E","  196",",,E"
"AGE00147707","1879-06-23","36.8","3.04","38.0","ALGIERS CAP CAXINE, AG","    0",",,E","  244",",,E","  168",",,E"
"AGE00147707","1879-06-24","36.8","3.04","38.0","ALGIERS CAP CAXINE, AG","    0",",,E","  285",",,E","  212",",,E"
"AGE00147707","1879-06-25","36.8","3.04","38.0","ALGIERS CAP CAXINE, AG","    0",",,E","  292",",,E","  230",",,E"
"AGE00147707","1879-06-26","36.8","3.04","38.0","ALGIERS CAP CAXINE, AG","    0",",,E","  252",",,E","  188",",,E"
"AGE00147707","1879-06-27","36.8","3.04","38.0","ALGIERS CAP CAXINE, AG","    0",",,E","  355",",,E","  211",",,E"
"AGE00147707","1879-06-28","36.8","3.04","38.0","ALGIERS CAP CAXINE, AG","    0",",,E","  410",",,E","  240",",,E"
"AGE00147707","1879-06-29","36.8","3.04","38.0","ALGIERS CAP CAXINE, AG","    0",",,E","  272",",,E","  210",",,E"
"AGE00147707","1879-06-30","36.8","3.04","38.0","ALGIERS CAP CAXINE, AG","    0",",,E","  270",",,E","  200",",,E"
"AGE00147707","1879-07-01","36.8","3.04","38.0","ALGIERS CAP CAXINE, AG","    0",",,E","  250",",,E","  200",",,E"
"AGE00147707","1879-07-02","36.8","3.04","38.0","ALGIERS CAP CAXINE, AG","    0",",,E","  280",",,E","  200",",,E"
"AGE00147707","1879-07-03","36.8","3.04","38.0","ALGIERS CAP CAXINE, AG","    0",",,E","  254",",,E","  201",",,E"
"AGE00147707","1879-07-04","36.8","3.04","38.0","ALGIERS CAP CAXINE, AG","    0",",,E","  262",",,E","  208",",,E"
"AGE00147707","1879-07-05","36.8","3.04","38.0","ALGIERS CAP CAXINE, AG","    0",",,E","  244",",,E","  208",",,E"
"AGE00147707","1879-07-06","36.8","3.04","38.0","ALGIERS CAP CAXINE, AG","    0",",,E","  248",",,E","  208",",,E"
"AGE00147707","1879-07-07","36.8","3.04","38.0","ALGIERS CAP CAXINE, AG","    0",",,E","  230",",,E","  188",",,E"
"AGE00147707","1879-07-08","36.8","3.04","38.0","ALGIERS CAP CAXINE, AG","    0",",,E","  308",",,E","  184",",,E"
"AGE00147707","1879-07-09","36.8","3.04","38.0","ALGIERS CAP CAXINE, AG","    0",",,E","  266",",,E","  190",",,E"
"AGE00147707","1879-07-10","36.8","3.04","38.0","ALGIERS CAP CAXINE, AG","    0",",,E","  240",",,E","  211",",,E"
"AGE00147707","1879-07-11","36.8","3.04","38.0","ALGIERS CAP CAXINE, AG","    0",",,E","  232",",,E","  198",",,E"
"AGE00147707","1879-07-12","36.8","3.04","38.0","ALGIERS CAP CAXINE, AG","    0",",,E","  240",",,E","  201",",,E"
"AGE00147707","1879-07-13","36.8","3.04","38.0","ALGIERS CAP CAXINE, AG","    0",",,E","  288",",,E","  204",",,E"
"AGE00147707","1879-07-14","36.8","3.04","38.0","ALGIERS CAP CAXINE, AG","    0",",,E","  334",",,E","  248",",,E"
"AGE00147707","1879-07-15","36.8","3.04","38.0","ALGIERS CAP CAXINE, AG","    0",",,E","  250",",,E","  204",",,E"
"AGE00147707","1879-07-16","36.8","3.04","38.0","ALGIERS CAP CAXINE, AG","    0",",,E","  267",",,E","  207",",,E"
"AGE00147707","1879-07-17","36.8","3.04","38.0","ALGIERS CAP CAXINE, AG","    0",",,E","  260",",,E","  198",",,E"
"AGE00147707","1879-07-18","36.8","3.04","38.0","ALGIERS CAP CAXINE, AG","    0",",,E","  251",",,E","  210",",,E"
"AGE00147707","1879-07-19","36.8","3.04","38.0","ALGIERS CAP CAXINE, AG","    0",",,E","  248",",,E","  210",",,E"
"AGE00147707","1879-07-20","36.8","3.04","38.0","ALGIERS CAP CAXINE, AG","    0",",,E","  242",",,E","  206",",,E"
"AGE00147707","1879-07-21","36.8","3.04","38.0","ALGIERS CAP CAXINE, AG","    0",",,E","  246",",,E","  204",",,E"
"AGE00147707","1879-07-22","36.8","3.04","38.0","ALGIERS CAP CAXINE, AG","    0",",,E","  263",",,E","  210",",,E"
"AGE00147707","1879-07-23","36.8","3.04","38.0","ALGIERS CAP CAXINE, AG","    0",",,E","  240",",,E","  208",",,E"
"AGE00147707","1879-07-24","36.8","3.04","38.0","ALGIERS CAP CAXINE, AG","    0",",,E","  238",",,E","  198",",,E"
"AGE00147707","1879-07-25","36.8","3.04","38.0","ALGIERS CAP CAXINE, AG","    0",",,E","  272",",,E","  200",",,E"
"AGE00147707","1879-07-26","36.8","3.04","38.0","ALGIERS CAP CAXINE, AG","    0",",,E","  248",",,E","  200",",,E"
"AGE00147707","1879-07-27","36.8","3.04","38.0","ALGIERS CAP CAXINE, AG","    0",",,E","  250",",,E","  192",",,E"
"AGE00147707","1879-07-28","36.8","3.04","38.0","ALGIERS CAP CAXINE, AG","    0",",,E","  250",",,E","  201",",,E"
"AGE00147707","1879-07-29","36.8","3.04","38.0","ALGIERS CAP CAXINE, AG","    3",",,E","  246",",,E","  208",",,E"
"AGE00147707","1879-07-30","36.8","3.04","38.0","ALGIERS CAP CAXINE, AG","    0",",,E","  244",",,E","  190",",,E"
"AGE00147707","1879-07-31","36.8","3.04","38.0","ALGIERS CAP CAXINE, AG","    2",",,E","  251",",,E","  185",",,E"
"AGE00147707","1879-08-01","36.8","3.04","38.0","ALGIERS CAP CAXINE, AG","    4",",,E","  250",",,E","  172",",,E"
"AGE00147707","1879-08-02","36.8","3.04","38.0","ALGIERS CAP CAXINE, AG","    0",",,E","  252",",,E","  174",",,E"
"AGE00147707","1879-08-03","36.8","3.04","38.0","ALGIERS CAP CAXINE, AG","    0",",,E","  254",",,E","  172",",,E"
"AGE00147707","1879-08-04","36.8","3.04","38.0","ALGIERS CAP CAXINE, AG","    0",",,E","  280",",,E","  176",",,E"
"AGE00147707","1879-08-05","36.8","3.04","38.0","ALGIERS CAP CAXINE, AG","    0",",,E","  282",",,E","  214",",,E"
"AGE00147707","1879-08-06","36.8","3.04","38.0","ALGIERS CAP CAXINE, AG","    0",",,E","  252",",,E","  205",",,E"
"AGE00147707","1879-08-07","36.8","3.04","38.0","ALGIERS CAP CAXINE, AG","    0",",,E","  285",",,E","  206",",,E"
"AGE00147707","1879-08-08","36.8","3.04","38.0","ALGIERS CAP CAXINE, AG","    0",",,E","  254",",,E","  218",",,E"
"AGE00147707","1879-08-09","36.8","3.04","38.0","ALGIERS CAP CAXINE, AG","    0",",,E","  258",",,E","  202",",,E"
"AGE00147707","1879-08-10","36.8","3.04","38.0","ALGIERS CAP CAXINE, AG","    0",",,E","  251",",,E","  202",",,E"
"AGE00147707","1879-08-11","36.8","3.04","38.0","ALGIERS CAP CAXINE, AG","    0",",,E","  252",",,E","  206",",,E"
"AGE00147707","1879-08-12","36.8","3.04","38.0","ALGIERS CAP CAXINE, AG","    0",",,E","  260",",,E","  196",",,E"
"AGE00147707","1879-08-13","36.8","3.04","38.0","ALGIERS CAP CAXINE, AG","    0",",,E","  280",",,E","  222",",,E"
"AGE00147707","1879-08-14","36.8","3.04","38.0","ALGIERS CAP CAXINE, AG","    8",",,E","  274",",,E","  234",",,E"
"AGE00147707","1879-08-15","36.8","3.04","38.0","ALGIERS CAP CAXINE, AG","    0",",,E","  275",",,E","  221",",,E"
"AGE00147707","1879-08-16","36.8","3.04","38.0","ALGIERS CAP CAXINE, AG","    0",",,E","  256",",,E","  217",",,E"
"AGE00147707","1879-08-17","36.8","3.04","38.0","ALGIERS CAP CAXINE, AG","    0",",,E","  257",",,E","  215",",,E"
"AGE00147707","1879-08-18","36.8","3.04","38.0","ALGIERS CAP CAXINE, AG","    0",",,E","  255",",,E","  202",",,E"
"AGE00147707","1879-08-19","36.8","3.04","38.0","ALGIERS CAP CAXINE, AG","    0",",,E","  262",",,E","  202",",,E"
"AGE00147707","1879-08-20","36.8","3.04","38.0","ALGIERS CAP CAXINE, AG","    0",",,E","  325",",,E","  199",",,E"
"AGE00147707","1879-08-21","36.8","3.04","38.0","ALGIERS CAP CAXINE, AG","    0",",,E","  232",",,E","  214",",,E"
"AGE00147707","1879-08-22","36.8","3.04","38.0","ALGIERS CAP CAXINE, AG","    0",",,E","  328",",,E","  216",",,E"
"AGE00147707","1879-08-23","36.8","3.04","38.0","ALGIERS CAP CAXINE, AG","    3",",,E","  292",",,E","  214",",,E"
"AGE00147707","1879-08-24","36.8","3.04","38.0","ALGIERS CAP CAXINE, AG","    0",",,E","  262",",,E","  220",",,E"
"AGE00147707","1879-08-25","36.8","3.04","38.0","ALGIERS CAP CAXINE, AG","    0",",,E","  270",",,E","  211",",,E"
"AGE00147707","1879-08-26","36.8","3.04","38.0","ALGIERS CAP CAXINE, AG","    0",",,E","  270",",,E","  212",",,E"
"AGE00147707","1879-08-27","36.8","3.04","38.0","ALGIERS CAP CAXINE, AG","    6",",,E","  266",",,E","  194",",,E"
"AGE00147707","1879-08-28","36.8","3.04","38.0","ALGIERS CAP CAXINE, AG","    0",",,E","  296",",,E","  204",",,E"
"AGE00147707","1879-08-29","36.8","3.04","38.0","ALGIERS CAP CAXINE, AG","    4",",,E","  280",",,E","  210",",,E"
"AGE00147707","1879-08-30","36.8","3.04","38.0","ALGIERS CAP CAXINE, AG","    3",",,E","  272",",,E","  212",",,E"
"AGE00147707","1879-08-31","36.8","3.04","38.0","ALGIERS CAP CAXINE, AG","    0",",,E","  298",",,E","  230",",,E"
"AGE00147707","1879-09-01","36.8","3.04","38.0","ALGIERS CAP CAXINE, AG","    0",",,E","  318",",,E","  242",",,E"
"AGE00147707","1879-09-02","36.8","3.04","38.0","ALGIERS CAP CAXINE, AG","    0",",,E","  270",",,E","  228",",,E"
"AGE00147707","1879-09-03","36.8","3.04","38.0","ALGIERS CAP CAXINE, AG","    0",",,E","  270",",,E","  226",",,E"
"AGE00147707","1879-09-04","36.8","3.04","38.0","ALGIERS CAP CAXINE, AG","    0",",,E","  276",",,E","  230",",,E"
"AGE00147707","1879-09-05","36.8","3.04","38.0","ALGIERS CAP CAXINE, AG","    4",",,E","  282",",,E","  237",",,E"
"AGE00147707","1879-09-06","36.8","3.04","38.0","ALGIERS CAP CAXINE, AG","   51",",,E","  280",",,E","  204",",,E"
"AGE00147707","1879-09-07","36.8","3.04","38.0","ALGIERS CAP CAXINE, AG","    0",",,E","  274",",,E","  204",",,E"
"AGE00147707","1879-09-08","36.8","3.04","38.0","ALGIERS CAP CAXINE, AG","    0",",,E","  278",",,E","  230",",,E"
"AGE00147707","1879-09-09","36.8","3.04","38.0","ALGIERS CAP CAXINE, AG","    0",",,E","  282",",,E","  242",",,E"
"AGE00147707","1879-09-10","36.8","3.04","38.0","ALGIERS CAP CAXINE, AG","    0",",,E","  260",",,E","  226",",,E"
"AGE00147707","1879-09-11","36.8","3.04","38.0","ALGIERS CAP CAXINE, AG","    0",",,E","  281",",,E","  206",",,E"
"AGE00147707","1879-09-12","36.8","3.04","38.0","ALGIERS CAP CAXINE, AG","    0",",,E","  262",",,E","  208",",,E"
"AGE00147707","1879-09-13","36.8","3.04","38.0","ALGIERS CAP CAXINE, AG","    0",",,E","  255",",,E","  212",",,E"
"AGE00147707","1879-09-14","36.8","3.04","38.0","ALGIERS CAP CAXINE, AG","    0",",,E","  260",",,E","  214",",,E"
"AGE00147707","1879-09-15","36.8","3.04","38.0","ALGIERS CAP CAXINE, AG","    0",",,E","  258",",,E","  208",",,E"
"AGE00147707","1879-09-16","36.8","3.04","38.0","ALGIERS CAP CAXINE, AG","    0",",,E","  240",",,E","  190",",,E"
"AGE00147707","1879-09-17","36.8","3.04","38.0","ALGIERS CAP CAXINE, AG","    0",",,E","  238",",,E","  192",",,E"
"AGE00147707","1879-09-18","36.8","3.04","38.0","ALGIERS CAP CAXINE, AG","    0",",,E","  252",",,E","  182",",,E"
"AGE00147707","1879-09-19","36.8","3.04","38.0","ALGIERS CAP CAXINE, AG","    8",",,E","  254",",,E","  216",",,E"
"AGE00147707","1879-09-20","36.8","3.04","38.0","ALGIERS CAP CAXINE, AG","    0",",,E","  264",",,E","  222",",,E"
"AGE00147707","1879-09-21","36.8","3.04","38.0","ALGIERS CAP CAXINE, AG","    0",",,E","  256",",,E","  206",",,E"
"AGE00147707","1879-09-22","36.8","3.04","38.0","ALGIERS CAP CAXINE, AG","    3",",,E","  227",",,E","  185",",,E"
"AGE00147707","1879-09-23","36.8","3.04","38.0","ALGIERS CAP CAXINE, AG","    0",",,E","  286",",,E","  182",",,E"
"AGE00147707","1879-09-24","36.8","3.04","38.0","ALGIERS CAP CAXINE, AG","    0",",,E","  272",",,E","  204",",,E"
"AGE00147707","1879-09-25","36.8","3.04","38.0","ALGIERS CAP CAXINE, AG","    0",",,E","  252",",,E","  202",",,E"
"AGE00147707","1879-09-26","36.8","3.04","38.0","ALGIERS CAP CAXINE, AG","    0",",,E","  234",",,E","  190",",,E"
"AGE00147707","1879-09-27","36.8","3.04","38.0","ALGIERS CAP CAXINE, AG","  108",",,E","  218",",,E","  148",",,E"
"AGE00147707","1879-09-28","36.8","3.04","38.0","ALGIERS CAP CAXINE, AG","  381",",,E","  180",",,E","  128",",,E"
"AGE00147707","1879-09-29","36.8","3.04","38.0","ALGIERS CAP CAXINE, AG","   54",",,E","  198",",,E","  140",",,E"
"AGE00147707","1879-09-30","36.8","3.04","38.0","ALGIERS CAP CAXINE, AG","    0",",,E","  212",",,E","  154",",,E"
"AGE00147707","1879-10-01","36.8","3.04","38.0","ALGIERS CAP CAXINE, AG","    0",",,E","  218",",,E","  170",",,E"
"AGE00147707","1879-10-02","36.8","3.04","38.0","ALGIERS CAP CAXINE, AG","    0",",,E","  230",",,E","  174",",,E"
"AGE00147707","1879-10-03","36.8","3.04","38.0","ALGIERS CAP CAXINE, AG","    0",",,E","  228",",,E","  187",",,E"
"AGE00147707","1879-10-04","36.8","3.04","38.0","ALGIERS CAP CAXINE, AG","    0",",,E","  224",",,E","  196",",,E"
"AGE00147707","1879-10-05","36.8","3.04","38.0","ALGIERS CAP CAXINE, AG","    0",",,E","  231",",,E","  204",",,E"
"AGE00147707","1879-10-06","36.8","3.04","38.0","ALGIERS CAP CAXINE, AG","    0",",,E","  230",",,E","  188",",,E"
"AGE00147707","1879-10-07","36.8","3.04","38.0","ALGIERS CAP CAXINE, AG","    0",",,E","  237",",,E","  202",",,E"
"AGE00147707","1879-10-08","36.8","3.04","38.0","ALGIERS CAP CAXINE, AG","    0",",,E","  246",",,E","  192",",,E"
"AGE00147707","1879-10-09","36.8","3.04","38.0","ALGIERS CAP CAXINE, AG","    0",",,E","  232",",,E","  181",",,E"
"AGE00147707","1879-10-10","36.8","3.04","38.0","ALGIERS CAP CAXINE, AG","    0",",,E","  280",",,E","  183",",,E"
"AGE00147707","1879-10-11","36.8","3.04","38.0","ALGIERS CAP CAXINE, AG","    0",",,E","  226",",,E","  190",",,E"
"AGE00147707","1879-10-12","36.8","3.04","38.0","ALGIERS CAP CAXINE, AG","    0",",,E","  220",",,E","  182",",,E"
"AGE00147707","1879-10-13","36.8","3.04","38.0","ALGIERS CAP CAXINE, AG","    0",",,E","  220",",,E","  181",",,E"
"AGE00147707","1879-10-14","36.8","3.04","38.0","ALGIERS CAP CAXINE, AG","    0",",,E","  250",",,E","  178",",,E"
"AGE00147707","1879-10-15","36.8","3.04","38.0","ALGIERS CAP CAXINE, AG","    0",",,E","  260",",,E","  199",",,E"
"AGE00147707","1879-10-16","36.8","3.04","38.0","ALGIERS CAP CAXINE, AG","    2",",,E","  262",",,E","  200",",,E"
"AGE00147707","1879-10-17","36.8","3.04","38.0","ALGIERS CAP CAXINE, AG","    0",",,E","  190",",,E","  151",",,E"
"AGE00147707","1879-10-18","36.8","3.04","38.0","ALGIERS CAP CAXINE, AG","    0",",,E","  198",",,E","  145",",,E"
"AGE00147707","1879-10-19","36.8","3.04","38.0","ALGIERS CAP CAXINE, AG","    0",",,E","  195",",,E","  160",",,E"
"AGE00147707","1879-10-20","36.8","3.04","38.0","ALGIERS CAP CAXINE, AG","    0",",,E","  214",",,E","  147",",,E"
"AGE00147707","1879-10-21","36.8","3.04","38.0","ALGIERS CAP CAXINE, AG","    2",",,E","  220",",,E","  176",",,E"
"AGE00147707","1879-10-22","36.8","3.04","38.0","ALGIERS CAP CAXINE, AG","    0",",,E","  198",",,E","  154",",,E"
"AGE00147707","1879-10-23","36.8","3.04","38.0","ALGIERS CAP CAXINE, AG","    0",",,E","  200",",,E","  155",",,E"
"AGE00147707","1879-10-24","36.8","3.04","38.0","ALGIERS CAP CAXINE, AG","    0",",,E","  198",",,E","  150",",,E"
"AGE00147707","1879-10-25","36.8","3.04","38.0","ALGIERS CAP CAXINE, AG","    3",",,E","  198",",,E","  162",",,E"
"AGE00147707","1879-10-26","36.8","3.04","38.0","ALGIERS CAP CAXINE, AG","    0",",,E","  208",",,E","  162",",,E"
"AGE00147707","1879-10-27","36.8","3.04","38.0","ALGIERS CAP CAXINE, AG","    0",",,E","  252",",,E","  170",",,E"
"AGE00147707","1879-10-28","36.8","3.04","38.0","ALGIERS CAP CAXINE, AG","    0",",,E","  300",",,E","  194",",,E"
"AGE00147707","1879-10-29","36.8","3.04","38.0","ALGIERS CAP CAXINE, AG","    0",",,E","  210",",,E","  164",",,E"
"AGE00147707","1879-10-30","36.8","3.04","38.0","ALGIERS CAP CAXINE, AG","    0",",,E","  208",",,E","  168",",,E"
"AGE00147707","1879-10-31","36.8","3.04","38.0","ALGIERS CAP CAXINE, AG","    0",",,E","  208",",,E","  164",",,E"
"AGE00147707","1879-11-01","36.8","3.04","38.0","ALGIERS CAP CAXINE, AG","    0",",,E","  260",",,E","  185",",,E"
"AGE00147707","1879-11-02","36.8","3.04","38.0","ALGIERS CAP CAXINE, AG","    0",",,E","  258",",,E","  197",",,E"
"AGE00147707","1879-11-03","36.8","3.04","38.0","ALGIERS CAP CAXINE, AG","    0",",,E","  247",",,E","  196",",,E"
"AGE00147707","1879-11-04","36.8","3.04","38.0","ALGIERS CAP CAXINE, AG","  141",",,E","  242",",,E","  140",",,E"
"AGE00147707","1879-11-05","36.8","3.04","38.0","ALGIERS CAP CAXINE, AG","    0",",,E","  188",",,E","  144",",,E"
"AGE00147707","1879-11-06","36.8","3.04","38.0","ALGIERS CAP CAXINE, AG","    0",",,E","  190",",,E","  150",",,E"
"AGE00147707","1879-11-07","36.8","3.04","38.0","ALGIERS CAP CAXINE, AG","    0",",,E","  202",",,E","  152",",,E"
"AGE00147707","1879-11-08","36.8","3.04","38.0","ALGIERS CAP CAXINE, AG","    7",",,E","  182",",,E","  146",",,E"
"AGE00147707","1879-11-09","36.8","3.04","38.0","ALGIERS CAP CAXINE, AG","    0",",,E","  184",",,E","  138",",,E"
"AGE00147707","1879-11-10","36.8","3.04","38.0","ALGIERS CAP CAXINE, AG","    0",",,E","  180",",,E","  142",",,E"
"AGE00147707","1879-11-11","36.8","3.04","38.0","ALGIERS CAP CAXINE, AG","    0",",,E","  184",",,E","  131",",,E"
"AGE00147707","1879-11-12","36.8","3.04","38.0","ALGIERS CAP CAXINE, AG","    0",",,E","  184",",,E","  131",",,E"
"AGE00147707","1879-11-13","36.8","3.04","38.0","ALGIERS CAP CAXINE, AG","    0",",,E","  180",",,E","  140",",,E"
"AGE00147707","1879-11-14","36.8","3.04","38.0","ALGIERS CAP CAXINE, AG","    0",",,E","  180",",,E","  142",",,E"
"AGE00147707","1879-11-15","36.8","3.04","38.0","ALGIERS CAP CAXINE, AG","    0",",,E","  202",",,E","  150",",,E"
"AGE00147707","1879-11-16","36.8","3.04","38.0","ALGIERS CAP CAXINE, AG","  166",",,E","  202",",,E","  124",",,E"
"AGE00147707","1879-11-17","36.8","3.04","38.0","ALGIERS CAP CAXINE, AG","   70",",,E","  150",",,E","  102",",,E"
"AGE00147707","1879-11-18","36.8","3.04","38.0","ALGIERS CAP CAXINE, AG","    0",",,E","  166",",,E","  104",",,E"
"AGE00147707","1879-11-19","36.8","3.04","38.0","ALGIERS CAP CAXINE, AG","   13",",,E","  170",",,E","  122",",,E"
"AGE00147707","1879-11-20","36.8","3.04","38.0","ALGIERS CAP CAXINE, AG","    0",",,E","  182",",,E","  128",",,E"
"AGE00147707","1879-11-21","36.8","3.04","38.0","ALGIERS CAP CAXINE, AG","    0",",,E","  266",",,E","  156",",,E"
"AGE00147707","1879-11-22","36.8","3.04","38.0","ALGIERS CAP CAXINE, AG","    0",",,E","  270",",,E","  201",",,E"
"AGE00147707","1879-11-23","36.8","3.04","38.0","ALGIERS CAP CAXINE, AG","    0",",,E","  262",",,E","  214",",,E"
"AGE00147707","1879-11-24","36.8","3.04","38.0","ALGIERS CAP CAXINE, AG","    0",",,E","  260",",,E","  176",",,E"
"AGE00147707","1879-11-25","36.8","3.04","38.0","ALGIERS CAP CAXINE, AG","    0",",,E","  292",",,E","  180",",,E"
"AGE00147707","1879-11-26","36.8","3.04","38.0","ALGIERS CAP CAXINE, AG","    0",",,E","  270",",,E","  208",",,E"
"AGE00147707","1879-11-27","36.8","3.04","38.0","ALGIERS CAP CAXINE, AG","    0",",,E","  250",",,E","  198",",,E"
"AGE00147707","1879-11-28","36.8","3.04","38.0","ALGIERS CAP CAXINE, AG","    0",",,E","  250",",,E","  192",",,E"
"AGE00147707","1879-11-29","36.8","3.04","38.0","ALGIERS CAP CAXINE, AG","    1",",,E","  220",",,E","  182",",,E"
"AGE00147707","1879-11-30","36.8","3.04","38.0","ALGIERS CAP CAXINE, AG","    0",",,E","  228",",,E","  148",",,E"
"AGE00147707","1879-12-01","36.8","3.04","38.0","ALGIERS CAP CAXINE, AG","  698",",,E","  154",",,E","  100",",,E"
"AGE00147707","1879-12-02","36.8","3.04","38.0","ALGIERS CAP CAXINE, AG","    0",",,E","  152",",,E","   98",",,E"
"AGE00147707","1879-12-03","36.8","3.04","38.0","ALGIERS CAP CAXINE, AG","    0",",,E","  224",",,E","  116",",,E"
"AGE00147707","1879-12-04","36.8","3.04","38.0","ALGIERS CAP CAXINE, AG","    0",",,E","  248",",,E","  166",",,E"
"AGE00147707","1879-12-05","36.8","3.04","38.0","ALGIERS CAP CAXINE, AG","    0",",,E","  202",",,E","  164",",,E"
"AGE00147707","1879-12-06","36.8","3.04","38.0","ALGIERS CAP CAXINE, AG","   22",",,E","  198",",,E","  146",",,E"
"AGE00147707","1879-12-07","36.8","3.04","38.0","ALGIERS CAP CAXINE, AG","  152",",,E","  194",",,E","  120",",,E"
"AGE00147707","1879-12-08","36.8","3.04","38.0","ALGIERS CAP CAXINE, AG","    6",",,E","  194",",,E","  106",",,E"
"AGE00147707","1879-12-09","36.8","3.04","38.0","ALGIERS CAP CAXINE, AG","    0",",,E","  200",",,E","   80",",,E"
"AGE00147707","1879-12-10","36.8","3.04","38.0","ALGIERS CAP CAXINE, AG","    0",",,E","  198",",,E","   74",",,E"
"AGE00147707","1879-12-11","36.8","3.04","38.0","ALGIERS CAP CAXINE, AG","    7",",,E","  136",",,E","   70",",,E"
"AGE00147707","1879-12-12","36.8","3.04","38.0","ALGIERS CAP CAXINE, AG","   49",",,E","  180",",,E","   70",",,E"
"AGE00147707","1879-12-13","36.8","3.04","38.0","ALGIERS CAP CAXINE, AG","   20",",,E","  132",",,E","   74",",,E"
"AGE00147707","1879-12-14","36.8","3.04","38.0","ALGIERS CAP CAXINE, AG","   79",",,E","  130",",,E","   80",",,E"
"AGE00147707","1879-12-15","36.8","3.04","38.0","ALGIERS CAP CAXINE, AG","  180",",,E","  131",",,E","   52",",,E"
"AGE00147707","1879-12-16","36.8","3.04","38.0","ALGIERS CAP CAXINE, AG","  148",",,E","  136",",,E","   58",",,E"
"AGE00147707","1879-12-17","36.8","3.04","38.0","ALGIERS CAP CAXINE, AG","  396",",,E","  138",",,E","   62",",,E"
"AGE00147707","1879-12-18","36.8","3.04","38.0","ALGIERS CAP CAXINE, AG","  117",",,E","  148",",,E","   79",",,E"
"AGE00147707","1879-12-19","36.8","3.04","38.0","ALGIERS CAP CAXINE, AG","    0",",,E","  131",",,E","   82",",,E"
"AGE00147707","1879-12-20","36.8","3.04","38.0","ALGIERS CAP CAXINE, AG","    0",",,E","  140",",,E","  100",",,E"
"AGE00147707","1879-12-21","36.8","3.04","38.0","ALGIERS CAP CAXINE, AG","    0",",,E","  140",",,E","   98",",,E"
"AGE00147707","1879-12-22","36.8","3.04","38.0","ALGIERS CAP CAXINE, AG","    0",",,E","  144",",,E","  102",",,E"
"AGE00147707","1879-12-23","36.8","3.04","38.0","ALGIERS CAP CAXINE, AG","    0",",,E","  146",",,E","   96",",,E"
"AGE00147707","1879-12-24","36.8","3.04","38.0","ALGIERS CAP CAXINE, AG","    0",",,E","  138",",,E","   90",",,E"
"AGE00147707","1879-12-25","36.8","3.04","38.0","ALGIERS CAP CAXINE, AG","    0",",,E","  142",",,E","   80",",,E"
"AGE00147707","1879-12-26","36.8","3.04","38.0","ALGIERS CAP CAXINE, AG","    0",",,E","  137",",,E","   98",",,E"
"AGE00147707","1879-12-27","36.8","3.04","38.0","ALGIERS CAP CAXINE, AG","    0",",,E","  138",",,E","   96",",,E"
"AGE00147707","1879-12-28","36.8","3.04","38.0","ALGIERS CAP CAXINE, AG","    0",",,E","  139",",,E","  102",",,E"
"AGE00147707","1879-12-29","36.8","3.04","38.0","ALGIERS CAP CAXINE, AG","    0",",,E","  136",",,E","  102",",,E"
"AGE00147707","1879-12-30","36.8","3.04","38.0","ALGIERS CAP CAXINE, AG","    0",",,E","  138",",,E","   84",",,E"
"AGE00147707","1879-12-31","36.8","3.04","38.0","ALGIERS CAP CAXINE, AG","    0",",,E","  132",",,E","   98",",,E"
